INSERT INTO dw_server.category (id, name, create_time, update_time, is_delete, is_enable, remark, sort, parent_id, full_parent_id, user_id, img_url, number, parentCategoryId) VALUES ('08278be0-5c2b-11ea-94bb-994f6d4301e3', '鸡肉类', '2020-03-02 10:10:47', '2020-03-02 10:15:36', 0, 1, null, 0, '27f3c390-5c2a-11ea-94bb-994f6d4301e3', '', null, '', 0, '27f3c390-5c2a-11ea-94bb-994f6d4301e3');
INSERT INTO dw_server.category (id, name, create_time, update_time, is_delete, is_enable, remark, sort, parent_id, full_parent_id, user_id, img_url, number, parentCategoryId) VALUES ('0907ab00-69c6-11ea-b517-252e8b1992d2', '编号 1-1-1', '2020-03-19 17:43:05', '2020-03-19 17:43:05', 0, 0, null, 0, 'cd36dce0-69c5-11ea-b517-252e8b1992d2', '', null, null, 1, 'cd36dce0-69c5-11ea-b517-252e8b1992d2');
INSERT INTO dw_server.category (id, name, create_time, update_time, is_delete, is_enable, remark, sort, parent_id, full_parent_id, user_id, img_url, number, parentCategoryId) VALUES ('0bb21360-6398-11ea-b2ee-53b47277b229', '新增分类2020年3月11日', '2020-03-11 20:58:47', '2020-03-11 20:58:47', 0, 0, null, 0, '61c137e0-d383-11e9-a2d1-c5de50d05e2b', '', null, null, 0, '61c137e0-d383-11e9-a2d1-c5de50d05e2b');
INSERT INTO dw_server.category (id, name, create_time, update_time, is_delete, is_enable, remark, sort, parent_id, full_parent_id, user_id, img_url, number, parentCategoryId) VALUES ('155766a0-5c2b-11ea-94bb-994f6d4301e3', '冻鸡翅中', '2020-03-02 10:11:09', '2020-03-02 10:15:14', 0, 1, null, 0, '08278be0-5c2b-11ea-94bb-994f6d4301e3', '', null, '', 0, '08278be0-5c2b-11ea-94bb-994f6d4301e3');
INSERT INTO dw_server.category (id, name, create_time, update_time, is_delete, is_enable, remark, sort, parent_id, full_parent_id, user_id, img_url, number, parentCategoryId) VALUES ('27f3c390-5c2a-11ea-94bb-994f6d4301e3', '鲜肉类', '2020-03-02 10:04:31', '2020-03-02 10:11:41', 0, 1, null, 0, 'root', '', null, '', 0, 'root');
INSERT INTO dw_server.category (id, name, create_time, update_time, is_delete, is_enable, remark, sort, parent_id, full_parent_id, user_id, img_url, number, parentCategoryId) VALUES ('3215cf6c-3214-464a-85f7-b6eec130aef7', 'test', '2020-03-20 13:15:28', null, 0, 0, null, 9, 'f49678f0-69c4-11ea-b4c9-470cd23a891f', null, null, null, 1, 'f49678f0-69c4-11ea-b4c9-470cd23a891f');
INSERT INTO dw_server.category (id, name, create_time, update_time, is_delete, is_enable, remark, sort, parent_id, full_parent_id, user_id, img_url, number, parentCategoryId) VALUES ('390c9850-5c2a-11ea-94bb-994f6d4301e3', '猪肉类', '2020-03-02 10:05:00', '2020-03-02 10:11:47', 0, 1, null, 0, '27f3c390-5c2a-11ea-94bb-994f6d4301e3', '', null, '', 0, '27f3c390-5c2a-11ea-94bb-994f6d4301e3');
INSERT INTO dw_server.category (id, name, create_time, update_time, is_delete, is_enable, remark, sort, parent_id, full_parent_id, user_id, img_url, number, parentCategoryId) VALUES ('3b528ec0-7175-11ea-aa4f-0bf1af7890a4', '50-60 无壳虾', '2020-03-29 12:24:50', '2020-03-29 12:24:50', 0, 0, null, 0, 'c7f8a170-6928-11ea-9ca7-2f1f336780da', '', null, null, 1, null);
INSERT INTO dw_server.category (id, name, create_time, update_time, is_delete, is_enable, remark, sort, parent_id, full_parent_id, user_id, img_url, number, parentCategoryId) VALUES ('5072045d-930b-46e3-9d0a-055e02902934', 'test', '2020-03-20 13:27:13', null, 0, 0, null, 9, 'f49678f0-69c4-11ea-b4c9-470cd23a891f', null, null, null, 2, 'f49678f0-69c4-11ea-b4c9-470cd23a891f');
INSERT INTO dw_server.category (id, name, create_time, update_time, is_delete, is_enable, remark, sort, parent_id, full_parent_id, user_id, img_url, number, parentCategoryId) VALUES ('58dc5d00-5c2a-11ea-94bb-994f6d4301e3', '猪小肋排', '2020-03-02 10:05:53', '2020-03-02 10:11:44', 0, 1, null, 0, '390c9850-5c2a-11ea-94bb-994f6d4301e3', '', null, '', 0, '390c9850-5c2a-11ea-94bb-994f6d4301e3');
INSERT INTO dw_server.category (id, name, create_time, update_time, is_delete, is_enable, remark, sort, parent_id, full_parent_id, user_id, img_url, number, parentCategoryId) VALUES ('5d252850-7175-11ea-aa4f-0bf1af7890a4', '零食类', '2020-03-29 12:25:47', '2020-03-29 12:25:47', 0, 0, null, 0, '', '', null, null, 1, null);
INSERT INTO dw_server.category (id, name, create_time, update_time, is_delete, is_enable, remark, sort, parent_id, full_parent_id, user_id, img_url, number, parentCategoryId) VALUES ('61c137e0-d383-11e9-a2d1-c5de50d05e2b', '一级分类', '2019-09-10 12:28:44', '2019-09-10 17:06:20', 0, 0, null, 0, 'root', '', null, 'upload_file/1568106380196-adorable-animal-animal-photography-1056251.jpg', 0, 'root');
INSERT INTO dw_server.category (id, name, create_time, update_time, is_delete, is_enable, remark, sort, parent_id, full_parent_id, user_id, img_url, number, parentCategoryId) VALUES ('66596b70-7175-11ea-aa4f-0bf1af7890a4', '调料类', '2020-03-29 12:26:03', '2020-03-29 12:26:03', 0, 0, null, 0, '', '', null, null, 2, null);
INSERT INTO dw_server.category (id, name, create_time, update_time, is_delete, is_enable, remark, sort, parent_id, full_parent_id, user_id, img_url, number, parentCategoryId) VALUES ('85432580-6928-11ea-9ca7-2f1f336780da', '冻虾类', '2020-03-18 22:55:34', '2020-03-18 22:55:34', 0, 0, null, 0, 'root', '', null, null, 0, 'root');
INSERT INTO dw_server.category (id, name, create_time, update_time, is_delete, is_enable, remark, sort, parent_id, full_parent_id, user_id, img_url, number, parentCategoryId) VALUES ('85ee59b0-5c2f-11ea-94bb-994f6d4301e3', '五花肉', '2020-03-02 10:42:56', '2020-03-02 10:42:56', 0, 0, null, 0, '390c9850-5c2a-11ea-94bb-994f6d4301e3', '', null, '', 0, '390c9850-5c2a-11ea-94bb-994f6d4301e3');
INSERT INTO dw_server.category (id, name, create_time, update_time, is_delete, is_enable, remark, sort, parent_id, full_parent_id, user_id, img_url, number, parentCategoryId) VALUES ('8b01fa90-d383-11e9-a2d1-c5de50d05e2b', '二级分类', '2019-09-10 12:29:13', '2019-09-10 17:06:32', 0, 0, null, 0, '61c137e0-d383-11e9-a2d1-c5de50d05e2b', '', null, 'upload_file/1568106392257-pexels-photo-1237779.jpeg', 0, '61c137e0-d383-11e9-a2d1-c5de50d05e2b');
INSERT INTO dw_server.category (id, name, create_time, update_time, is_delete, is_enable, remark, sort, parent_id, full_parent_id, user_id, img_url, number, parentCategoryId) VALUES ('9225fb50-d383-11e9-a2d1-c5de50d05e2b', '三级分类', '2019-09-10 12:29:25', '2019-09-10 17:06:39', 0, 0, null, 0, '8b01fa90-d383-11e9-a2d1-c5de50d05e2b', '', null, 'upload_file/1568106399932-pexels-photo-2825240.jpeg', 0, '8b01fa90-d383-11e9-a2d1-c5de50d05e2b');
INSERT INTO dw_server.category (id, name, create_time, update_time, is_delete, is_enable, remark, sort, parent_id, full_parent_id, user_id, img_url, number, parentCategoryId) VALUES ('95288350-6928-11ea-9ca7-2f1f336780da', '有头虾', '2020-03-18 22:56:01', '2020-03-18 22:56:01', 0, 0, null, 0, '85432580-6928-11ea-9ca7-2f1f336780da', '', null, null, 0, '85432580-6928-11ea-9ca7-2f1f336780da');
INSERT INTO dw_server.category (id, name, create_time, update_time, is_delete, is_enable, remark, sort, parent_id, full_parent_id, user_id, img_url, number, parentCategoryId) VALUES ('a33ffef0-6928-11ea-9ca7-2f1f336780da', '30-40 有头虾', '2020-03-18 22:56:24', '2020-03-18 22:56:24', 0, 0, null, 0, '95288350-6928-11ea-9ca7-2f1f336780da', '', null, null, 0, '95288350-6928-11ea-9ca7-2f1f336780da');
INSERT INTO dw_server.category (id, name, create_time, update_time, is_delete, is_enable, remark, sort, parent_id, full_parent_id, user_id, img_url, number, parentCategoryId) VALUES ('bc3500e0-6928-11ea-9ca7-2f1f336780da', '40-50 有头虾', '2020-03-18 22:57:06', '2020-03-18 22:57:06', 0, 0, null, 0, '95288350-6928-11ea-9ca7-2f1f336780da', '', null, null, 0, '95288350-6928-11ea-9ca7-2f1f336780da');
INSERT INTO dw_server.category (id, name, create_time, update_time, is_delete, is_enable, remark, sort, parent_id, full_parent_id, user_id, img_url, number, parentCategoryId) VALUES ('c7f8a170-6928-11ea-9ca7-2f1f336780da', '无壳虾', '2020-03-18 22:57:26', '2020-03-18 22:57:26', 0, 0, null, 0, '85432580-6928-11ea-9ca7-2f1f336780da', '', null, null, 0, '85432580-6928-11ea-9ca7-2f1f336780da');
INSERT INTO dw_server.category (id, name, create_time, update_time, is_delete, is_enable, remark, sort, parent_id, full_parent_id, user_id, img_url, number, parentCategoryId) VALUES ('cd36dce0-69c5-11ea-b517-252e8b1992d2', '测试编号1', '2020-03-19 17:41:25', '2020-03-19 17:41:25', 0, 0, null, 0, 'ece664d0-69c4-11ea-b4c9-470cd23a891f', '', null, null, 1, 'ece664d0-69c4-11ea-b4c9-470cd23a891f');
INSERT INTO dw_server.category (id, name, create_time, update_time, is_delete, is_enable, remark, sort, parent_id, full_parent_id, user_id, img_url, number, parentCategoryId) VALUES ('d1ceebe0-7176-11ea-9f9a-07835ff92383', '天文料', '2020-03-29 12:36:12', '2020-03-29 12:36:12', 0, 0, null, 0, 'root', '', null, null, 3, null);
INSERT INTO dw_server.category (id, name, create_time, update_time, is_delete, is_enable, remark, sort, parent_id, full_parent_id, user_id, img_url, number, parentCategoryId) VALUES ('dd3afba0-6928-11ea-9ca7-2f1f336780da', '30-40 无壳虾', '2020-03-18 22:58:01', '2020-03-29 11:39:57', 0, 0, null, 0, 'c7f8a170-6928-11ea-9ca7-2f1f336780da', '', null, null, 0, 'c7f8a170-6928-11ea-9ca7-2f1f336780da');
INSERT INTO dw_server.category (id, name, create_time, update_time, is_delete, is_enable, remark, sort, parent_id, full_parent_id, user_id, img_url, number, parentCategoryId) VALUES ('ece664d0-69c4-11ea-b4c9-470cd23a891f', '测试编号', '2020-03-19 17:35:09', '2020-03-19 17:35:09', 0, 0, null, 0, 'root', '', null, null, 1, 'root');
INSERT INTO dw_server.category (id, name, create_time, update_time, is_delete, is_enable, remark, sort, parent_id, full_parent_id, user_id, img_url, number, parentCategoryId) VALUES ('f20e88e0-2223-11ea-9b0b-4960045d83ff', '三级分类Btest', '2019-12-19 13:53:56', '2020-02-04 13:58:24', 0, 0, null, 0, '8b01fa90-d383-11e9-a2d1-c5de50d05e2b', '', null, 'upload_file/1580795904760-7d027b7b68.jpg', 0, '8b01fa90-d383-11e9-a2d1-c5de50d05e2b');
INSERT INTO dw_server.category (id, name, create_time, update_time, is_delete, is_enable, remark, sort, parent_id, full_parent_id, user_id, img_url, number, parentCategoryId) VALUES ('f49678f0-69c4-11ea-b4c9-470cd23a891f', '测试编号2', '2020-03-19 17:35:22', '2020-03-19 17:35:22', 0, 0, null, 0, 'root', '', null, null, 2, 'root');
INSERT INTO dw_server.category (id, name, create_time, update_time, is_delete, is_enable, remark, sort, parent_id, full_parent_id, user_id, img_url, number, parentCategoryId) VALUES ('root', 'root', '2020-03-20 20:17:50', null, 1, 0, null, 9, null, null, null, null, 3, null);
INSERT INTO dw_server.data_config (id, name, create_time, update_time, is_delete, type, value, remark) VALUES ('14521477-20f5-4e99-81c2-86915803f002', 'App模块设置', '2020-03-27 18:48:44', null, 0, 'AppModule', '{"list": [{"title": "22", "imgUrl": "upload_file/1581773867753-unnamed.jpg", "remark": "尔尔121212", "endTime": null, "startTime": "2020-02-15T13:37:29.530Z", "isDisabled": 0, "selectList": ["2bfaf1f0-ee63-11e9-a564-6f02badc1176", "acac4ba0-d383-11e9-a2d1-c5de50d05e2b"], "selectProductList": ["2bfaf1f0-ee63-11e9-a564-6f02badc1176", "acac4ba0-d383-11e9-a2d1-c5de50d05e2b", "aa24d3e0-5c2f-11ea-94bb-994f6d4301e3"]}, {"title": "张琪的主题", "imgUrl": "upload_file/1585288108805-99 logo.png", "remark": "主题甄选测试", "endTime": "2020-04-11T15:59:00.000Z", "startTime": "2020-03-25T04:00:00.000Z", "isDisabled": 0, "selectProductList": ["2bfaf1f0-ee63-11e9-a564-6f02badc1176", "520a1ae0-69c1-11ea-ad9a-c71898ae9196"]}, {"title": "第三个主题", "imgUrl": "upload_file/1585319473557-etoyou logo.png", "remark": "第三个主题", "endTime": "2020-03-31T15:59:00.000Z", "startTime": "2020-03-25T04:00:00.000Z", "isDisabled": 0}], "imgList": ["upload_file/1584960147999-ddddddddddddddddddddddddddddddddddddddddddddddddddddddddddddddddddddddddddddddddddddddddddddddddddddddddddddddddddddddddddddddddddddddddddddddddddddddddddddddddddddddddddddddddddddddddddddddddddddddddddddddddddddddddddddddddddddddd.jpg", "upload_file/1582091300772-unnamed.jpg"], "mayLike": false, "typeList": [{"code": "33", "name": "32111", "isEdit": true}, {"code": "code1", "name": "名称1", "sort": 2}], "limitTime": true, "salesRank": true, "topRanking": true, "lineRanking": false, "groupDiscount": "5", "themeSelection": true, "problemListData": {"33": [{"sort": 123, "answer": "12322", "problem": "123    min-width: 0;    min-width: 0;    min-width: 0;    min-width: 0;    min-width: 0;    min-width: 0;"}]}, "GroupPrecision_3": {"groups": 3, "discount": {"1": "1", "2": "2", "3": "2"}}, "GroupPrecision_4": {"groups": 4, "discount": {"1": "2", "2": "2", "3": "4", "4": "4"}}, "GroupPrecision_5": {"groups": 5, "discount": {"1": "2", "2": "2", "3": "4", "4": "4", "5": "4"}}, "3_group_precision": {"groups": 3, "discount": {"1": "2", "2": "2", "3": "4"}}}', '');
INSERT INTO dw_server.data_config (id, name, create_time, update_time, is_delete, type, value, remark) VALUES ('19d683a3-350f-11ea-8c6f-00163e06acad', 'test', '2020-01-12 15:42:36', null, 0, 'ShelvesType', '{"ss": "123"}', '');
INSERT INTO dw_server.data_config (id, name, create_time, update_time, is_delete, type, value, remark) VALUES ('318669f9-6b50-11ea-8c6f-00163e06acad', 'OrderState', '2020-03-21 16:44:36', null, 0, 'OrderState', '{"Paid": "已收款", "list": [{"title": "123", "imgUrl": "", "remark": "", "endTime": null, "startTime": null}], "Cancel": "订单取消", "Finish": "订单完成", "Ordered": "已下单", "Picking": "已配货", "imgList": ["upload_file/1584960147999-ddddddddddddddddddddddddddddddddddddddddddddddddddddddddddddddddddddddddddddddddddddddddddddddddddddddddddddddddddddddddddddddddddddddddddddddddddddddddddddddddddddddddddddddddddddddddddddddddddddddddddddddddddddddddddddddddddddddd.jpg", "upload_file/1582091300772-unnamed.jpg"], "PickedUp": "已取货"}', '');
INSERT INTO dw_server.data_config (id, name, create_time, update_time, is_delete, type, value, remark) VALUES ('3eafced7-6d11-11ea-8c6f-00163e06acad', 'SelfAddress', '2020-03-23 22:19:02', null, 0, 'SelfAddress', '{"Paid": "已收款", "list": [{"zip": "45040", "city": "Lockland", "name": "12232ffd", "phone": "5133685555", "imgUrl": "upload_file/1585452933781-CAM pickup.png", "address": "2233232323fowiehj", "fullName": "华欣取货点", "openTime": "10:00 AM to 6:00PM", "province": "Ohio", "apartment": "", "isDisabled": false, "streetAddress": "600 N Wayne Ave"}, {"zip": "45220", "city": "Cincinnati", "phone": "5136381111", "imgUrl": "upload_file/1585452938913-UC Pickup.png", "fullName": "辛辛那提大学取货点", "openTime": "10:00 AM to 6:00PM", "province": "Ohio", "apartment": "", "streetAddress": "2600 Clifton Ave"}], "Cancel": "订单取消", "Finish": "订单完成", "user_1": "3", "user_2": "4", "user_3": "2", "user_4": "5", "Ordered": "已下单", "Picking": "已配货", "imgList": ["upload_file/1584960147999-ddddddddddddddddddddddddddddddddddddddddddddddddddddddddddddddddddddddddddddddddddddddddddddddddddddddddddddddddddddddddddddddddddddddddddddddddddddddddddddddddddddddddddddddddddddddddddddddddddddddddddddddddddddddddddddddddddddddd.jpg", "upload_file/1582091300772-unnamed.jpg"], "mayLike": false, "PickedUp": "已取货", "typeList": [{"code": "1", "name": "退货与换货", "sort": 2, "isEdit": true}, {"code": "22", "name": "送货上门和取货", "sort": 1, "isEdit": true}, {"code": "3", "name": "达人币使用", "sort": 3, "isEdit": true}], "limitTime": false, "salesRank": true, "topRanking": true, "freightList": [{"orderMax": "100", "freightPay": "5"}, {"orderMax": "200", "freightPay": "8"}, {"orderMax": "500", "freightPay": "11"}, {"freightPay": "14"}], "lineRanking": false, "groupDiscount": "5", "themeSelection": false, "problemListData": {"1": [{"sort": 1, "answer": "无条件 7天退货", "problem": "退货天数？"}, {"sort": 2, "index": -1, "answer": "免费退货标签", "problem": "退货 费用"}, {"sort": 3, "answer": "答案", "problem": "分类一的第二个问题"}], "22": [{"sort": 1, "answer": "12点前下单，当天送货", "problem": "当天送货吗？"}], "33": [{"sort": 123, "answer": "12322", "problem": "123    min-width: 0;    min-width: 0;    min-width: 0;    min-width: 0;    min-width: 0;    min-width: 0;"}]}, "GroupPrecision_3": {"groups": 3, "discount": {"1": "1", "2": "2", "3": "2"}}, "GroupPrecision_4": {"groups": 4, "discount": {"1": "2", "2": "2", "3": "4", "4": "4"}}, "GroupPrecision_5": {"groups": 5, "discount": {"1": "2", "2": "2", "3": "4", "4": "4", "5": "4"}}, "3_group_precision": {"groups": 3, "discount": {"1": "2", "2": "2", "3": "4"}}}', '');
INSERT INTO dw_server.data_config (id, name, create_time, update_time, is_delete, type, value, remark) VALUES ('58869d62-47f5-11ea-8c6f-00163e06acad', 'HelpDocumentation', '2020-02-05 16:56:06', null, 0, 'HelpDocumentation', '{"list": [{"name": "12232ffd", "phone": "ddddfsdfsdf", "imgUrl": "upload_file/1585016496607-ddddddddddddddddddddddddddddddddddddddddddddddddddddddddddddddddddddddddddddddddddddddddddddddddddddddddddddddddddddddddddddddddddddddddddddddddddddddddddddddddddddddddddddddddddddddddddddddddddddddddddddddddddddddddddddddddddddddd.jpg", "address": "2233232323fowiehj"}], "user_1": "3", "user_2": "4", "user_3": "2", "user_4": "5", "imgList": ["upload_file/1584960147999-ddddddddddddddddddddddddddddddddddddddddddddddddddddddddddddddddddddddddddddddddddddddddddddddddddddddddddddddddddddddddddddddddddddddddddddddddddddddddddddddddddddddddddddddddddddddddddddddddddddddddddddddddddddddddddddddddddddddd.jpg", "upload_file/1582091300772-unnamed.jpg"], "mayLike": false, "typeList": [{"code": "1", "name": "退货与换货", "sort": 2, "isEdit": true}, {"code": "22", "name": "送货上门和取货", "sort": 1, "isEdit": true}, {"code": "3", "name": "达人币使用", "sort": 3, "isEdit": true}], "limitTime": false, "salesRank": true, "topRanking": true, "freightList": [{"orderMax": "100", "freightPay": "5"}, {"orderMax": "200", "freightPay": "8"}, {"orderMax": "500", "freightPay": "11"}, {"freightPay": "14"}], "lineRanking": false, "groupDiscount": "5", "themeSelection": false, "problemListData": {"1": [{"sort": 1, "answer": "无条件 7天退货", "problem": "退货天数？"}, {"sort": 2, "index": -1, "answer": "免费退货标签", "problem": "退货 费用"}, {"sort": 3, "answer": "答案", "problem": "分类一的第二个问题"}], "22": [{"sort": 1, "answer": "12点前下单，当天送货", "problem": "当天送货吗？"}], "33": [{"sort": 123, "answer": "12322", "problem": "123    min-width: 0;    min-width: 0;    min-width: 0;    min-width: 0;    min-width: 0;    min-width: 0;"}]}, "GroupPrecision_3": {"groups": 3, "discount": {"1": "1", "2": "2", "3": "2"}}, "GroupPrecision_4": {"groups": 4, "discount": {"1": "2", "2": "2", "3": "4", "4": "4"}}, "GroupPrecision_5": {"groups": 5, "discount": {"1": "2", "2": "2", "3": "4", "4": "4", "5": "4"}}, "3_group_precision": {"groups": 3, "discount": {"1": "2", "2": "2", "3": "4"}}}', '');
INSERT INTO dw_server.data_config (id, name, create_time, update_time, is_delete, type, value, remark) VALUES ('6b85697e-4ed2-11ea-8c6f-00163e06acad', 'PromotionThemeSelect', '2020-02-14 10:33:44', null, 0, 'PromotionThemeSelect', '{"list": [{"id": "1585461998433", "title": "清除数据了", "imgUrl": "", "remark": "123", "endTime": null, "startTime": null, "isDisabled": 0}]}', '');
INSERT INTO dw_server.data_config (id, name, create_time, update_time, is_delete, type, value, remark) VALUES ('70152105-36c6-11ea-8c6f-00163e06acad', 'group', '2020-01-14 20:07:30', null, 0, 'group', '{"ss": "sldkfj"}', '');
INSERT INTO dw_server.data_config (id, name, create_time, update_time, is_delete, type, value, remark) VALUES ('73159650-f2e1-45ba-85f2-d956582df93c', 'sstest', '2020-03-17 22:34:45', null, 0, '123', '{"test": "234324"}', '');
INSERT INTO dw_server.data_config (id, name, create_time, update_time, is_delete, type, value, remark) VALUES ('bff39c26-4ed2-11ea-8c6f-00163e06acad', 'PromotionFlashSale', '2020-02-14 10:36:05', null, 0, 'PromotionFlashSale', '{}', '');
INSERT INTO dw_server.data_config (id, name, create_time, update_time, is_delete, type, value, remark) VALUES ('c8393215-3a9f-11ea-8c6f-00163e06acad', 'UserLevel', '2020-01-19 17:40:52', null, 0, 'UserLevel', '{"user_1": "3", "user_2": "4", "user_3": "2", "user_4": "5"}', '');
INSERT INTO dw_server.data_config (id, name, create_time, update_time, is_delete, type, value, remark) VALUES ('d6c62b7b-522d-11ea-8c6f-00163e06acad', 'HomeCarousel', '2020-02-18 17:05:41', null, 0, 'HomeCarousel', '{"list": [{"id": "1585465786012", "name": "name", "imgUrl": "upload_file/1585465785123-ddddddddddddddddddddddddddddddddddddddddddddddddddddddddddddddddddddddddddddddddddddddddddddddddddddddddddddddddddddddddddddddddddddddddddddddddddddddddddddddddddddddddddddddddddddddddddddddddddddddddddddddddddddddddddddddddddddddd.jpg", "imgFile": {"uid": "rc-upload-1585465769583-2"}, "isDisabled": 0, "relatedObjId": "1501d220-6feb-11ea-952b-593c3414ec5e", "relatedObjType": "PromoCode"}], "imgList": ["upload_file/1584960147999-ddddddddddddddddddddddddddddddddddddddddddddddddddddddddddddddddddddddddddddddddddddddddddddddddddddddddddddddddddddddddddddddddddddddddddddddddddddddddddddddddddddddddddddddddddddddddddddddddddddddddddddddddddddddddddddddddddddddd.jpg", "upload_file/1582091300772-unnamed.jpg"]}', '');
INSERT INTO dw_server.data_config (id, name, create_time, update_time, is_delete, type, value, remark) VALUES ('f0b443db-39fb-11ea-8c6f-00163e06acad', 'GroupPrecision', '2020-01-18 22:08:02', null, 0, 'GroupPrecision', '{"groupDiscount": "5", "GroupPrecision_3": {"groups": 3, "discount": {"1": "1", "2": "2", "3": "2"}}, "GroupPrecision_4": {"groups": 4, "discount": {"1": "2", "2": "2", "3": "4", "4": "4"}}, "GroupPrecision_5": {"groups": 5, "discount": {"1": "2", "2": "2", "3": "4", "4": "4", "5": "4"}}, "3_group_precision": {"groups": 3, "discount": {"1": "2", "2": "2", "3": "4"}}}', '');
INSERT INTO dw_server.data_config (id, name, create_time, update_time, is_delete, type, value, remark) VALUES ('f59b20f5-3f43-11ea-8c6f-00163e06acad', 'Freight', '2020-01-25 15:26:10', null, 0, 'Freight', '{"list": [{"name": "12232ffd", "phone": "ddddfsdfsdf", "imgUrl": "upload_file/1585016496607-ddddddddddddddddddddddddddddddddddddddddddddddddddddddddddddddddddddddddddddddddddddddddddddddddddddddddddddddddddddddddddddddddddddddddddddddddddddddddddddddddddddddddddddddddddddddddddddddddddddddddddddddddddddddddddddddddddddddd.jpg", "address": "2233232323fowiehj"}], "user_1": "3", "user_2": "4", "user_3": "2", "user_4": "5", "freightList": [{"orderMax": "100", "freightPay": "5"}, {"orderMax": "200", "freightPay": "8"}, {"orderMax": "500", "freightPay": "11"}, {"freightPay": "14"}], "groupDiscount": "5", "GroupPrecision_3": {"groups": 3, "discount": {"1": "1", "2": "2", "3": "2"}}, "GroupPrecision_4": {"groups": 4, "discount": {"1": "2", "2": "2", "3": "4", "4": "4"}}, "GroupPrecision_5": {"groups": 5, "discount": {"1": "2", "2": "2", "3": "4", "4": "4", "5": "4"}}, "3_group_precision": {"groups": 3, "discount": {"1": "2", "2": "2", "3": "4"}}}', '');
INSERT INTO dw_server.dict (id, name, create_time, update_time, is_delete, is_disable, dict_type_code, code, sort, remark, dictTypeFirstId) VALUES ('09a4aa50-69f2-11ea-b2dc-472d3ada2f9e', '铂金用户', '2020-03-19 22:58:05', '2020-03-19 22:58:05', 0, 0, 'UserLevel', 'user_4', 4, '', null);
INSERT INTO dw_server.dict (id, name, create_time, update_time, is_delete, is_disable, dict_type_code, code, sort, remark, dictTypeFirstId) VALUES ('162add00-3d4f-11ea-a0f5-9bfc05c6c240', '5份', '2020-01-23 03:40:47', '2020-01-23 03:40:47', 0, 0, 'GroupPrecision', '5_group_precision', 3, '', '0500dc35-3519-11ea-8c6f-00163e06acad');
INSERT INTO dw_server.dict (id, name, create_time, update_time, is_delete, is_disable, dict_type_code, code, sort, remark, dictTypeFirstId) VALUES ('22a34d40-3a9f-11ea-b8cc-3bc1893a6701', '黄金用户', '2020-01-19 17:36:14', '2020-01-19 17:36:14', 0, 0, 'UserLevel', 'user_1', 1, '', '25a20cf6-3502-11ea-8c6f-00163e06acad');
INSERT INTO dw_server.dict (id, name, create_time, update_time, is_delete, is_disable, dict_type_code, code, sort, remark, dictTypeFirstId) VALUES ('24418000-691a-11ea-bd37-ebeeaa0e775b', '6份', '2020-03-18 21:12:38', '2020-03-18 21:12:38', 0, 0, 'GroupPrecision', '6_group_precision', 4, '', null);
INSERT INTO dw_server.dict (id, name, create_time, update_time, is_delete, is_disable, dict_type_code, code, sort, remark, dictTypeFirstId) VALUES ('2f0f6ad0-6ffd-11ea-97e8-d34cf6aa23a8', '百分比', '2020-03-27 15:33:19', '2020-03-27 15:33:19', 0, 0, 'DiscountType', 'Percentage', 1, '', null);
INSERT INTO dw_server.dict (id, name, create_time, update_time, is_delete, is_disable, dict_type_code, code, sort, remark, dictTypeFirstId) VALUES ('35c649e0-3a9f-11ea-b8cc-3bc1893a6701', '钻石用户', '2020-01-19 17:36:46', '2020-01-19 17:36:46', 0, 0, 'UserLevel', 'user_2', 2, '', '25a20cf6-3502-11ea-8c6f-00163e06acad');
INSERT INTO dw_server.dict (id, name, create_time, update_time, is_delete, is_disable, dict_type_code, code, sort, remark, dictTypeFirstId) VALUES ('363fb670-3119-11ea-a03d-b31fe6c8bb0c', 'tesl', '2020-01-07 14:44:54', '2020-01-07 14:44:54', 0, 0, 'ShelvesType', 'testCodeefee', 4, '', '04775369-2e15-11ea-8c6f-00163e06acad');
INSERT INTO dw_server.dict (id, name, create_time, update_time, is_delete, is_disable, dict_type_code, code, sort, remark, dictTypeFirstId) VALUES ('3af219b0-3434-11ea-9079-cdf2bb1955e8', 'kg/千克', '2020-01-11 13:35:52', '2020-01-11 13:35:52', 0, 1, 'WeightUnit', '2', 2, '', '0477561e-2e15-11ea-8c6f-00163e06acad');
INSERT INTO dw_server.dict (id, name, create_time, update_time, is_delete, is_disable, dict_type_code, code, sort, remark, dictTypeFirstId) VALUES ('47c03474-3032-11ea-8c6f-00163e06acad', '新品', '2020-01-06 11:11:49', '2020-01-06 11:11:49', 0, 0, 'ShelvesType', 'is_new', 1, '', '04775369-2e15-11ea-8c6f-00163e06acad');
INSERT INTO dw_server.dict (id, name, create_time, update_time, is_delete, is_disable, dict_type_code, code, sort, remark, dictTypeFirstId) VALUES ('47c05843-3032-11ea-8c6f-00163e06acad', '热门', '2020-01-06 11:11:49', '2020-01-06 11:11:49', 0, 0, 'ShelvesType', 'is_hot', 2, '', '04775369-2e15-11ea-8c6f-00163e06acad');
INSERT INTO dw_server.dict (id, name, create_time, update_time, is_delete, is_disable, dict_type_code, code, sort, remark, dictTypeFirstId) VALUES ('6f17ab50-36c9-11ea-b5f0-714502fffad8', '3份', '2020-01-14 20:28:57', '2020-01-14 20:28:57', 0, 0, 'GroupPrecision', '3_group_precision', 1, '', '0500dc35-3519-11ea-8c6f-00163e06acad');
INSERT INTO dw_server.dict (id, name, create_time, update_time, is_delete, is_disable, dict_type_code, code, sort, remark, dictTypeFirstId) VALUES ('7625b310-36c9-11ea-b5f0-714502fffad8', '4份', '2020-01-14 20:29:09', '2020-01-14 20:29:09', 0, 0, 'GroupPrecision', '4_group_precision', 2, '', '0500dc35-3519-11ea-8c6f-00163e06acad');
INSERT INTO dw_server.dict (id, name, create_time, update_time, is_delete, is_disable, dict_type_code, code, sort, remark, dictTypeFirstId) VALUES ('7860b950-3434-11ea-9079-cdf2bb1955e8', 'Lb/磅', '2020-01-11 13:37:35', '2020-01-11 13:37:35', 0, 0, 'WeightUnit', '3', 3, '', '0477561e-2e15-11ea-8c6f-00163e06acad');
INSERT INTO dw_server.dict (id, name, create_time, update_time, is_delete, is_disable, dict_type_code, code, sort, remark, dictTypeFirstId) VALUES ('9e0eb850-3434-11ea-9079-cdf2bb1955e8', 'ml/毫升', '2020-01-11 13:38:38', '2020-01-11 13:38:38', 0, 0, 'WeightUnit', '4', 4, '', '0477561e-2e15-11ea-8c6f-00163e06acad');
INSERT INTO dw_server.dict (id, name, create_time, update_time, is_delete, is_disable, dict_type_code, code, sort, remark, dictTypeFirstId) VALUES ('b793cf50-6d9a-11ea-8363-f94fa953fe27', '自取', '2020-03-24 14:43:06', '2020-03-24 14:43:06', 0, 0, 'DeliveryType', 'Self', 1, '', null);
INSERT INTO dw_server.dict (id, name, create_time, update_time, is_delete, is_disable, dict_type_code, code, sort, remark, dictTypeFirstId) VALUES ('caa566d0-6d9a-11ea-8363-f94fa953fe27', '配送', '2020-03-24 14:43:37', '2020-03-24 14:43:37', 0, 0, 'DeliveryType', 'Delivery', 2, '', null);
INSERT INTO dw_server.dict (id, name, create_time, update_time, is_delete, is_disable, dict_type_code, code, sort, remark, dictTypeFirstId) VALUES ('dad902e0-3119-11ea-a03d-b31fe6c8bb0c', '343333333', '2020-01-07 14:49:30', '2020-01-07 14:49:30', 1, 1, 'ShelvesType', 'eee333434', null, '', null);
INSERT INTO dw_server.dict (id, name, create_time, update_time, is_delete, is_disable, dict_type_code, code, sort, remark, dictTypeFirstId) VALUES ('df542dc0-30f8-11ea-a03d-b31fe6c8bb0c', 'test', '2020-01-07 10:53:25', '2020-01-07 10:53:25', 0, 1, 'ShelvesType', 'testCode', null, '', '04775369-2e15-11ea-8c6f-00163e06acad');
INSERT INTO dw_server.dict (id, name, create_time, update_time, is_delete, is_disable, dict_type_code, code, sort, remark, dictTypeFirstId) VALUES ('e1162610-3d4e-11ea-a0f5-9bfc05c6c240', '白银用户', '2020-01-23 03:39:18', '2020-01-23 03:39:18', 0, 0, 'UserLevel', 'user_3', 3, '', '25a20cf6-3502-11ea-8c6f-00163e06acad');
INSERT INTO dw_server.dict (id, name, create_time, update_time, is_delete, is_disable, dict_type_code, code, sort, remark, dictTypeFirstId) VALUES ('e583ad90-3433-11ea-9079-cdf2bb1955e8', 'g/克', '2020-01-11 13:33:29', '2020-01-11 13:33:29', 0, 0, 'WeightUnit', '11', 1, '', '0477561e-2e15-11ea-8c6f-00163e06acad');
INSERT INTO dw_server.dict (id, name, create_time, update_time, is_delete, is_disable, dict_type_code, code, sort, remark, dictTypeFirstId) VALUES ('e9f56a20-3434-11ea-9079-cdf2bb1955e8', 'GL/加仑', '2020-01-11 13:40:46', '2020-01-11 13:40:46', 0, 0, 'WeightUnit', '5', 5, '', '0477561e-2e15-11ea-8c6f-00163e06acad');
INSERT INTO dw_server.dict (id, name, create_time, update_time, is_delete, is_disable, dict_type_code, code, sort, remark, dictTypeFirstId) VALUES ('eef11a70-692b-11ea-9ca7-2f1f336780da', '袋（包）', '2020-03-18 23:20:00', '2020-03-18 23:20:00', 0, 0, 'PackingUnit', '1', 1, '', null);
INSERT INTO dw_server.dict (id, name, create_time, update_time, is_delete, is_disable, dict_type_code, code, sort, remark, dictTypeFirstId) VALUES ('f9aed730-3119-11ea-a03d-b31fe6c8bb0c', 'test3', '2020-01-07 14:50:22', '2020-01-07 14:50:22', 0, 0, 'ShelvesType', 'test33', null, '', '04775369-2e15-11ea-8c6f-00163e06acad');
INSERT INTO dw_server.dict_type_first (id, name, create_time, update_time, is_delete, parent_code, code, sort, remark) VALUES ('04775369-2e15-11ea-8c6f-00163e06acad', '上架类型', '2020-01-03 18:37:19', '2020-01-03 18:37:19', 0, '', 'ShelvesType', 1, '');
INSERT INTO dw_server.dict_type_first (id, name, create_time, update_time, is_delete, parent_code, code, sort, remark) VALUES ('0477561e-2e15-11ea-8c6f-00163e06acad', '重量单位', '2020-01-03 18:37:19', '2020-01-03 18:37:19', 0, '', 'WeightUnit', 2, '');
INSERT INTO dw_server.dict_type_first (id, name, create_time, update_time, is_delete, parent_code, code, sort, remark) VALUES ('0477735f-2e15-11ea-8c6f-00163e06acad', '包装单位', '2020-01-03 18:37:19', '2020-01-03 18:37:19', 0, '', 'PackingUnit', 3, '');
INSERT INTO dw_server.dict_type_first (id, name, create_time, update_time, is_delete, parent_code, code, sort, remark) VALUES ('0477749b-2e15-11ea-8c6f-00163e06acad', '拆包单位', '2020-01-03 18:37:19', '2020-01-03 18:37:19', 0, '', 'UnpackingUnit', 4, '');
INSERT INTO dw_server.dict_type_first (id, name, create_time, update_time, is_delete, parent_code, code, sort, remark) VALUES ('0500dc35-3519-11ea-8c6f-00163e06acad', '分团精度', '2020-01-12 16:53:36', '2020-01-12 16:53:36', 0, '', 'GroupPrecision', 6, '');
INSERT INTO dw_server.dict_type_first (id, name, create_time, update_time, is_delete, parent_code, code, sort, remark) VALUES ('25a20cf6-3502-11ea-8c6f-00163e06acad', '用户等级', '2020-01-12 14:09:52', '2020-01-12 14:09:52', 0, '', 'UserLevel', 5, '');
INSERT INTO dw_server.dict_type_first (id, name, create_time, update_time, is_delete, parent_code, code, sort, remark) VALUES ('e0550429-41dc-4e67-90eb-02807b9bbcdd', '折扣类型', '2020-03-27 15:21:03', null, 0, null, 'DiscountType', 8, '');
INSERT INTO dw_server.dict_type_first (id, name, create_time, update_time, is_delete, parent_code, code, sort, remark) VALUES ('f51c5875-d501-4f46-9883-95a72f925df1', '送货类型', '2020-03-24 14:31:32', null, 0, null, 'DeliveryType', 7, '');
INSERT INTO dw_server.group_order (id, name, create_time, update_time, is_delete, group_queue_id, user_id, order_group_amount, order_id) VALUES ('13a5394e-f15c-11e9-8c6f-00163e06acad', null, '2019-10-18 12:02:18', null, 0, '2a860f9f-efe3-11e9-8c6f-00163e06acad', 'c15d9b7c-d2e6-11e9-a131-00163e06acad', 1, '135abdf0-f15c-11e9-8641-f7c657df2c26');
INSERT INTO dw_server.group_order (id, name, create_time, update_time, is_delete, group_queue_id, user_id, order_group_amount, order_id) VALUES ('50ac81e4-f158-11e9-8c6f-00163e06acad', null, '2019-10-18 11:35:22', null, 0, '2a860f9f-efe3-11e9-8c6f-00163e06acad', 'c15d9b7c-d2e6-11e9-a131-00163e06acad', 1, '4a96be80-f158-11e9-8641-f7c657df2c26');
INSERT INTO dw_server.group_order (id, name, create_time, update_time, is_delete, group_queue_id, user_id, order_group_amount, order_id) VALUES ('5f27cbaf-f174-11e9-8c6f-00163e06acad', null, '2019-10-18 14:56:12', null, 0, '837b7920-f16c-11e9-8641-f7c657df2c26', 'c15d9b7c-d2e6-11e9-a131-00163e06acad', 1, '5f151bb0-f174-11e9-bdaa-733405f475a7');
INSERT INTO dw_server.group_order (id, name, create_time, update_time, is_delete, group_queue_id, user_id, order_group_amount, order_id) VALUES ('8384458b-f16c-11e9-8c6f-00163e06acad', null, '2019-10-18 13:59:57', null, 0, '837b7920-f16c-11e9-8641-f7c657df2c26', 'c15d9b7c-d2e6-11e9-a131-00163e06acad', 2, '8371dc30-f16c-11e9-8641-f7c657df2c26');
INSERT INTO dw_server.group_order (id, name, create_time, update_time, is_delete, group_queue_id, user_id, order_group_amount, order_id) VALUES ('8d7fd1dc-f171-11e9-8c6f-00163e06acad', null, '2019-10-18 14:36:01', null, 0, '837b7920-f16c-11e9-8641-f7c657df2c26', 'c15d9b7c-d2e6-11e9-a131-00163e06acad', 1, '8d6e8620-f171-11e9-8641-f7c657df2c26');
INSERT INTO dw_server.group_order (id, name, create_time, update_time, is_delete, group_queue_id, user_id, order_group_amount, order_id) VALUES ('a5ad6127-efe3-11e9-8c6f-00163e06acad', null, '2019-10-16 15:07:42', null, 0, '2a860f9f-efe3-11e9-8c6f-00163e06acad', 'c15d9b7c-d2e6-11e9-a131-00163e06acad', 3, '');
INSERT INTO dw_server.group_order (id, name, create_time, update_time, is_delete, group_queue_id, user_id, order_group_amount, order_id) VALUES ('c0409cd3-f15a-11e9-8c6f-00163e06acad', null, '2019-10-18 11:52:48', null, 0, '2a860f9f-efe3-11e9-8c6f-00163e06acad', 'c15d9b7c-d2e6-11e9-a131-00163e06acad', 1, 'c0296600-f15a-11e9-8641-f7c657df2c26');
INSERT INTO dw_server.group_order (id, name, create_time, update_time, is_delete, group_queue_id, user_id, order_group_amount, order_id) VALUES ('d64f1f26-f345-11e9-8c6f-00163e06acad', null, '2019-10-20 22:28:08', null, 0, 'd6100d60-f345-11e9-af6f-1db7252b38a4', 'c15d9b7c-d2e6-11e9-a131-00163e06acad', 3, 'd5ff6b90-f345-11e9-af6f-1db7252b38a4');
INSERT INTO dw_server.group_order (id, name, create_time, update_time, is_delete, group_queue_id, user_id, order_group_amount, order_id) VALUES ('da0ded43-f16c-11e9-8c6f-00163e06acad', null, '2019-10-18 14:02:22', null, 0, '837b7920-f16c-11e9-8641-f7c657df2c26', 'c15d9b7c-d2e6-11e9-a131-00163e06acad', 1, 'd9fbf180-f16c-11e9-8641-f7c657df2c26');
INSERT INTO dw_server.group_queue (id, name, create_time, update_time, is_delete, product_id, fill_amount) VALUES ('2a860f9f-efe3-11e9-8c6f-00163e06acad', null, '2019-10-16 15:04:16', '2019-10-18 12:02:18', 0, 'd27f6ba0-eb39-11e9-bb9c-f5e8856f14df', 6);
INSERT INTO dw_server.group_queue (id, name, create_time, update_time, is_delete, product_id, fill_amount) VALUES ('837b7920-f16c-11e9-8641-f7c657df2c26', null, '2019-10-18 13:59:57', '2019-10-18 14:56:12', 0, 'd27f6ba0-eb39-11e9-bb9c-f5e8856f14df', 5);
INSERT INTO dw_server.group_queue (id, name, create_time, update_time, is_delete, product_id, fill_amount) VALUES ('d6100d60-f345-11e9-af6f-1db7252b38a4', null, '2019-10-20 22:28:08', null, 0, 'd27f6ba0-eb39-11e9-bb9c-f5e8856f14df', 3);
INSERT INTO dw_server.migrations (id, timestamp, name) VALUES (1, 1583853057784, 'UserMigration1583853057784');
INSERT INTO dw_server.migrations (id, timestamp, name) VALUES (2, 1583939082801, 'UserMigration1583939082801');
INSERT INTO dw_server.migrations (id, timestamp, name) VALUES (3, 1584080773523, 'UserMigration1584080773523');
INSERT INTO dw_server.migrations (id, timestamp, name) VALUES (4, 1584163034413, 'UserMigration1584163034413');
INSERT INTO dw_server.migrations (id, timestamp, name) VALUES (5, 1584191947722, 'UserMigration1584191947722');
INSERT INTO dw_server.migrations (id, timestamp, name) VALUES (6, 1584192641946, 'UserMigration1584192641946');
INSERT INTO dw_server.migrations (id, timestamp, name) VALUES (7, 1584199821211, 'UserMigration1584199821211');
INSERT INTO dw_server.migrations (id, timestamp, name) VALUES (8, 1584200472458, 'UserMigration1584200472458');
INSERT INTO dw_server.migrations (id, timestamp, name) VALUES (9, 1584200623945, 'UserMigration1584200623945');
INSERT INTO dw_server.migrations (id, timestamp, name) VALUES (10, 1584202152533, 'UserMigration1584202152533');
INSERT INTO dw_server.migrations (id, timestamp, name) VALUES (11, 1584202238801, 'UserMigration1584202238801');
INSERT INTO dw_server.migrations (id, timestamp, name) VALUES (12, 1584203010596, 'UserMigration1584203010596');
INSERT INTO dw_server.migrations (id, timestamp, name) VALUES (13, 1584203183177, 'UserMigration1584203183177');
INSERT INTO dw_server.migrations (id, timestamp, name) VALUES (14, 1584344345932, 'UserMigration1584344345932');
INSERT INTO dw_server.migrations (id, timestamp, name) VALUES (15, 1584361113491, 'UserMigration1584361113491');
INSERT INTO dw_server.migrations (id, timestamp, name) VALUES (16, 1584426334832, 'UserMigration1584426334832');
INSERT INTO dw_server.migrations (id, timestamp, name) VALUES (17, 1584455624401, 'UserMigration1584455624401');
INSERT INTO dw_server.migrations (id, timestamp, name) VALUES (18, 1584523379703, 'UserMigration1584523379703');
INSERT INTO dw_server.migrations (id, timestamp, name) VALUES (19, 1584531073184, 'UserMigration1584531073184');
INSERT INTO dw_server.migrations (id, timestamp, name) VALUES (20, 1584534601394, 'UserMigration1584534601394');
INSERT INTO dw_server.migrations (id, timestamp, name) VALUES (21, 1584537107885, 'UserMigration1584537107885');
INSERT INTO dw_server.migrations (id, timestamp, name) VALUES (22, 1584592799663, 'UserMigration1584592799663');
INSERT INTO dw_server.migrations (id, timestamp, name) VALUES (23, 1584593815815, 'UserMigration1584593815815');
INSERT INTO dw_server.migrations (id, timestamp, name) VALUES (24, 1584599276605, 'UserMigration1584599276605');
INSERT INTO dw_server.migrations (id, timestamp, name) VALUES (25, 1584611603892, 'UserMigration1584611603892');
INSERT INTO dw_server.migrations (id, timestamp, name) VALUES (26, 1584611788280, 'UserMigration1584611788280');
INSERT INTO dw_server.migrations (id, timestamp, name) VALUES (27, 1584672855485, 'UserMigration1584672855485');
INSERT INTO dw_server.migrations (id, timestamp, name) VALUES (28, 1584767030368, 'UserMigration1584767030368');
INSERT INTO dw_server.migrations (id, timestamp, name) VALUES (29, 1584786089070, 'UserMigration1584786089070');
INSERT INTO dw_server.migrations (id, timestamp, name) VALUES (30, 1584859068752, 'UserMigration1584859068752');
INSERT INTO dw_server.migrations (id, timestamp, name) VALUES (31, 1584929125854, 'UserMigration1584929125854');
INSERT INTO dw_server.migrations (id, timestamp, name) VALUES (32, 1584929251903, 'UserMigration1584929251903');
INSERT INTO dw_server.migrations (id, timestamp, name) VALUES (33, 1584929323299, 'UserMigration1584929323299');
INSERT INTO dw_server.migrations (id, timestamp, name) VALUES (34, 1584929451661, 'UserMigration1584929451661');
INSERT INTO dw_server.migrations (id, timestamp, name) VALUES (35, 1584929614855, 'UserMigration1584929614855');
INSERT INTO dw_server.migrations (id, timestamp, name) VALUES (36, 1585031460854, 'UserMigration1585031460854');
INSERT INTO dw_server.migrations (id, timestamp, name) VALUES (37, 1585032548272, 'UserMigration1585032548272');
INSERT INTO dw_server.migrations (id, timestamp, name) VALUES (38, 1585046243357, 'UserMigration1585046243357');
INSERT INTO dw_server.migrations (id, timestamp, name) VALUES (39, 1585048222871, 'UserMigration1585048222871');
INSERT INTO dw_server.migrations (id, timestamp, name) VALUES (40, 1585227064159, 'UserMigration1585227064159');
INSERT INTO dw_server.migrations (id, timestamp, name) VALUES (41, 1585227191766, 'UserMigration1585227191766');
INSERT INTO dw_server.migrations (id, timestamp, name) VALUES (42, 1585295659766, 'UserMigration1585295659766');
INSERT INTO dw_server.migrations (id, timestamp, name) VALUES (43, 1585368081845, 'UserMigration1585368081845');
INSERT INTO dw_server.migrations (id, timestamp, name) VALUES (44, 1585472490426, 'UserMigration1585472490426');
INSERT INTO dw_server.order_info (id, name, create_time, update_time, is_delete, number, state, actually_paid, address_id, payment_method_card_id, subtotal, coupon_discount, vip_discount, transportation_costs, sale_tax, order_id, discount_product_total, finish_time, userId, userAddressId, pickUpTime, generateCoin, deductCoin, pickUpType, userPayCardId, selfAddressIndex, currentUserLevel) VALUES ('012312b0-d634-11e9-9452-0337207a9920', null, '2019-09-13 22:37:25', '2019-09-13 22:37:25', 0, '20190913223725c15d9b', 5, 77, '48fe9400-d2e8-11e9-9d76-d74024cb01d2', '1ff91020-d2e9-11e9-8e79-7f91cad78d8d', 77, 0, 0, 0, 0, null, 0, '2020-03-28 00:09:06', 'c15d9b7c-d2e6-11e9-a131-00163e06acad', '48fe9400-d2e8-11e9-9d76-d74024cb01d2', '2020-03-22 13:53:56', 20, 5, 'Self', '1ff91020-d2e9-11e9-8e79-7f91cad78d8d', 0, '');
INSERT INTO dw_server.order_info (id, name, create_time, update_time, is_delete, number, state, actually_paid, address_id, payment_method_card_id, subtotal, coupon_discount, vip_discount, transportation_costs, sale_tax, order_id, discount_product_total, finish_time, userId, userAddressId, pickUpTime, generateCoin, deductCoin, pickUpType, userPayCardId, selfAddressIndex, currentUserLevel) VALUES ('0cf5a1b0-d784-11e9-b4a5-3f5cb507fbe1', null, '2019-09-15 14:42:58', '2019-09-15 14:42:58', 0, '20190915144256c15d9b', 5, 77, '48fe9400-d2e8-11e9-9d76-d74024cb01d2', '1ff91020-d2e9-11e9-8e79-7f91cad78d8d', 77, 0, 0, 0, 0, null, 0, '2020-03-28 00:09:06', 'c15d9b7c-d2e6-11e9-a131-00163e06acad', '48fe9400-d2e8-11e9-9d76-d74024cb01d2', null, 0, 0, 'Self', '1ff91020-d2e9-11e9-8e79-7f91cad78d8d', 0, '');
INSERT INTO dw_server.order_info (id, name, create_time, update_time, is_delete, number, state, actually_paid, address_id, payment_method_card_id, subtotal, coupon_discount, vip_discount, transportation_costs, sale_tax, order_id, discount_product_total, finish_time, userId, userAddressId, pickUpTime, generateCoin, deductCoin, pickUpType, userPayCardId, selfAddressIndex, currentUserLevel) VALUES ('11790a20-d788-11e9-b4a5-3f5cb507fbe1', null, '2019-09-15 15:11:54', '2019-09-15 15:11:54', 0, '20190915151142c15d9b', 3, 77, '48fe9400-d2e8-11e9-9d76-d74024cb01d2', '1ff91020-d2e9-11e9-8e79-7f91cad78d8d', 77, 0, 0, 0, 0, null, 0, null, 'c15d9b7c-d2e6-11e9-a131-00163e06acad', '48fe9400-d2e8-11e9-9d76-d74024cb01d2', null, 0, 0, 'Self', '1ff91020-d2e9-11e9-8e79-7f91cad78d8d', 0, '');
INSERT INTO dw_server.order_info (id, name, create_time, update_time, is_delete, number, state, actually_paid, address_id, payment_method_card_id, subtotal, coupon_discount, vip_discount, transportation_costs, sale_tax, order_id, discount_product_total, finish_time, userId, userAddressId, pickUpTime, generateCoin, deductCoin, pickUpType, userPayCardId, selfAddressIndex, currentUserLevel) VALUES ('135abdf0-f15c-11e9-8641-f7c657df2c26', null, '2019-10-18 12:02:17', '2019-10-18 12:02:17', 0, '20191018120217c15d9b', 1, 34747.2, '48fe9400-d2e8-11e9-9d76-d74024cb01d2', '1ff91020-d2e9-11e9-8e79-7f91cad78d8d', 43434, 0, 0, 0, 0, null, 0, null, null, '48fe9400-d2e8-11e9-9d76-d74024cb01d2', null, 0, 0, 'Self', '1ff91020-d2e9-11e9-8e79-7f91cad78d8d', 0, '');
INSERT INTO dw_server.order_info (id, name, create_time, update_time, is_delete, number, state, actually_paid, address_id, payment_method_card_id, subtotal, coupon_discount, vip_discount, transportation_costs, sale_tax, order_id, discount_product_total, finish_time, userId, userAddressId, pickUpTime, generateCoin, deductCoin, pickUpType, userPayCardId, selfAddressIndex, currentUserLevel) VALUES ('14b97f50-d5ec-11e9-bfd7-1555a40f8da1', null, '2019-09-13 14:02:34', '2019-09-13 14:02:34', 0, '20190913140234c15d9b', 1, 77, '48fe9400-d2e8-11e9-9d76-d74024cb01d2', '1ff91020-d2e9-11e9-8e79-7f91cad78d8d', 77, 0, 0, 0, 0, null, 0, null, 'c15d9b7c-d2e6-11e9-a131-00163e06acad', '48fe9400-d2e8-11e9-9d76-d74024cb01d2', null, 0, 0, 'Self', '1ff91020-d2e9-11e9-8e79-7f91cad78d8d', 0, '');
INSERT INTO dw_server.order_info (id, name, create_time, update_time, is_delete, number, state, actually_paid, address_id, payment_method_card_id, subtotal, coupon_discount, vip_discount, transportation_costs, sale_tax, order_id, discount_product_total, finish_time, userId, userAddressId, pickUpTime, generateCoin, deductCoin, pickUpType, userPayCardId, selfAddressIndex, currentUserLevel) VALUES ('160c9640-27bc-11ea-9b0b-4960045d83ff', null, '2019-12-26 16:45:36', '2019-12-26 16:45:36', 0, '20191226164536c15d9b', 1, 308, '48fe9400-d2e8-11e9-9d76-d74024cb01d2', '1ff91020-d2e9-11e9-8e79-7f91cad78d8d', 308, 0, 0, 0, 0, null, 0, null, 'c15d9b7c-d2e6-11e9-a131-00163e06acad', '48fe9400-d2e8-11e9-9d76-d74024cb01d2', null, 0, 0, 'Self', '1ff91020-d2e9-11e9-8e79-7f91cad78d8d', 0, '');
INSERT INTO dw_server.order_info (id, name, create_time, update_time, is_delete, number, state, actually_paid, address_id, payment_method_card_id, subtotal, coupon_discount, vip_discount, transportation_costs, sale_tax, order_id, discount_product_total, finish_time, userId, userAddressId, pickUpTime, generateCoin, deductCoin, pickUpType, userPayCardId, selfAddressIndex, currentUserLevel) VALUES ('1a068e30-f16c-11e9-8641-f7c657df2c26', null, '2019-10-18 13:57:00', '2019-12-26 16:24:35', 0, '20191018135700c15d9b', 6, 77, '48fe9400-d2e8-11e9-9d76-d74024cb01d2', '1ff91020-d2e9-11e9-8e79-7f91cad78d8d', 77, 0, 0, 0, 0, null, 0, null, 'c15d9b7c-d2e6-11e9-a131-00163e06acad', '48fe9400-d2e8-11e9-9d76-d74024cb01d2', null, 0, 0, 'Self', '1ff91020-d2e9-11e9-8e79-7f91cad78d8d', 0, '');
INSERT INTO dw_server.order_info (id, name, create_time, update_time, is_delete, number, state, actually_paid, address_id, payment_method_card_id, subtotal, coupon_discount, vip_discount, transportation_costs, sale_tax, order_id, discount_product_total, finish_time, userId, userAddressId, pickUpTime, generateCoin, deductCoin, pickUpType, userPayCardId, selfAddressIndex, currentUserLevel) VALUES ('27620290-d52d-11e9-947d-7b6f5bfdf219', null, '2019-09-12 15:15:51', '2019-09-12 15:15:51', 0, '20190912151552c15d9b', 2, 77, '48fe9400-d2e8-11e9-9d76-d74024cb01d2', '1ff91020-d2e9-11e9-8e79-7f91cad78d8d', 77, 0, 0, 0, 0, null, 0, null, 'c15d9b7c-d2e6-11e9-a131-00163e06acad', '48fe9400-d2e8-11e9-9d76-d74024cb01d2', null, 0, 0, 'Self', '1ff91020-d2e9-11e9-8e79-7f91cad78d8d', 0, '');
INSERT INTO dw_server.order_info (id, name, create_time, update_time, is_delete, number, state, actually_paid, address_id, payment_method_card_id, subtotal, coupon_discount, vip_discount, transportation_costs, sale_tax, order_id, discount_product_total, finish_time, userId, userAddressId, pickUpTime, generateCoin, deductCoin, pickUpType, userPayCardId, selfAddressIndex, currentUserLevel) VALUES ('28ad6f40-d857-11e9-8e6d-0beafbf97bcd', null, '2019-09-16 15:54:06', '2019-09-16 15:54:06', 0, '20190916155406c15d9b', 1, 77, '48fe9400-d2e8-11e9-9d76-d74024cb01d2', '1ff91020-d2e9-11e9-8e79-7f91cad78d8d', 77, 0, 0, 0, 0, null, 0, null, 'c15d9b7c-d2e6-11e9-a131-00163e06acad', '48fe9400-d2e8-11e9-9d76-d74024cb01d2', null, 0, 0, 'Self', '1ff91020-d2e9-11e9-8e79-7f91cad78d8d', 0, '');
INSERT INTO dw_server.order_info (id, name, create_time, update_time, is_delete, number, state, actually_paid, address_id, payment_method_card_id, subtotal, coupon_discount, vip_discount, transportation_costs, sale_tax, order_id, discount_product_total, finish_time, userId, userAddressId, pickUpTime, generateCoin, deductCoin, pickUpType, userPayCardId, selfAddressIndex, currentUserLevel) VALUES ('31784f70-27ba-11ea-9b0b-4960045d83ff', null, '2019-12-26 16:32:03', '2019-12-26 16:32:03', 0, '20191226163203c15d9b', 1, 77, '48fe9400-d2e8-11e9-9d76-d74024cb01d2', '1ff91020-d2e9-11e9-8e79-7f91cad78d8d', 77, 0, 0, 0, 0, null, 0, null, 'c15d9b7c-d2e6-11e9-a131-00163e06acad', '48fe9400-d2e8-11e9-9d76-d74024cb01d2', null, 0, 0, 'Self', '1ff91020-d2e9-11e9-8e79-7f91cad78d8d', 0, '');
INSERT INTO dw_server.order_info (id, name, create_time, update_time, is_delete, number, state, actually_paid, address_id, payment_method_card_id, subtotal, coupon_discount, vip_discount, transportation_costs, sale_tax, order_id, discount_product_total, finish_time, userId, userAddressId, pickUpTime, generateCoin, deductCoin, pickUpType, userPayCardId, selfAddressIndex, currentUserLevel) VALUES ('3f68dff0-2a1c-11ea-ae5b-ed77761b2f5b', null, '2019-12-29 17:18:59', '2019-12-29 17:19:00', 0, '20191229171859c15d9b', 6, 143, '48fe9400-d2e8-11e9-9d76-d74024cb01d2', '1ff91020-d2e9-11e9-8e79-7f91cad78d8d', 143, 0, 0, 0, 0, null, 0, null, 'c15d9b7c-d2e6-11e9-a131-00163e06acad', '48fe9400-d2e8-11e9-9d76-d74024cb01d2', null, 0, 0, 'Self', '1ff91020-d2e9-11e9-8e79-7f91cad78d8d', 0, '');
INSERT INTO dw_server.order_info (id, name, create_time, update_time, is_delete, number, state, actually_paid, address_id, payment_method_card_id, subtotal, coupon_discount, vip_discount, transportation_costs, sale_tax, order_id, discount_product_total, finish_time, userId, userAddressId, pickUpTime, generateCoin, deductCoin, pickUpType, userPayCardId, selfAddressIndex, currentUserLevel) VALUES ('42589d20-27bc-11ea-9b0b-4960045d83ff', null, '2019-12-26 16:46:50', '2019-12-26 16:46:50', 0, '20191226164650c15d9b', 1, 77, '48fe9400-d2e8-11e9-9d76-d74024cb01d2', '1ff91020-d2e9-11e9-8e79-7f91cad78d8d', 77, 0, 0, 0, 0, null, 0, null, 'c15d9b7c-d2e6-11e9-a131-00163e06acad', '48fe9400-d2e8-11e9-9d76-d74024cb01d2', null, 0, 0, 'Self', '1ff91020-d2e9-11e9-8e79-7f91cad78d8d', 0, '');
INSERT INTO dw_server.order_info (id, name, create_time, update_time, is_delete, number, state, actually_paid, address_id, payment_method_card_id, subtotal, coupon_discount, vip_discount, transportation_costs, sale_tax, order_id, discount_product_total, finish_time, userId, userAddressId, pickUpTime, generateCoin, deductCoin, pickUpType, userPayCardId, selfAddressIndex, currentUserLevel) VALUES ('42971830-d527-11e9-a20d-bb5b1a3e56f2', null, '2019-09-12 14:33:40', '2019-09-12 14:33:40', 0, '20190912c15d9b', 1, 77, '48fe9400-d2e8-11e9-9d76-d74024cb01d2', '1ff91020-d2e9-11e9-8e79-7f91cad78d8d', 77, 0, 0, 0, 0, null, 0, null, 'c15d9b7c-d2e6-11e9-a131-00163e06acad', '48fe9400-d2e8-11e9-9d76-d74024cb01d2', null, 0, 0, 'Self', '1ff91020-d2e9-11e9-8e79-7f91cad78d8d', 0, '');
INSERT INTO dw_server.order_info (id, name, create_time, update_time, is_delete, number, state, actually_paid, address_id, payment_method_card_id, subtotal, coupon_discount, vip_discount, transportation_costs, sale_tax, order_id, discount_product_total, finish_time, userId, userAddressId, pickUpTime, generateCoin, deductCoin, pickUpType, userPayCardId, selfAddressIndex, currentUserLevel) VALUES ('4a96be80-f158-11e9-8641-f7c657df2c26', null, '2019-10-18 11:35:22', '2019-10-18 11:35:22', 0, '20191018113512c15d9b', 1, 43434, '48fe9400-d2e8-11e9-9d76-d74024cb01d2', 'e9549170-d2e8-11e9-a21f-c710e7cc662c', 43434, 0, 0, 0, 0, null, 0, null, null, '48fe9400-d2e8-11e9-9d76-d74024cb01d2', null, 0, 0, 'Self', 'e9549170-d2e8-11e9-a21f-c710e7cc662c', 0, '');
INSERT INTO dw_server.order_info (id, name, create_time, update_time, is_delete, number, state, actually_paid, address_id, payment_method_card_id, subtotal, coupon_discount, vip_discount, transportation_costs, sale_tax, order_id, discount_product_total, finish_time, userId, userAddressId, pickUpTime, generateCoin, deductCoin, pickUpType, userPayCardId, selfAddressIndex, currentUserLevel) VALUES ('4b745ec0-d484-11e9-867f-b38cfbc7927c', null, '2019-09-11 19:07:07', '2019-09-11 19:07:07', 0, '20190911c15d9b', 1, 0, '3232', '3232323', 0, 0, 0, 0, 0, null, 0, null, 'c15d9b7c-d2e6-11e9-a131-00163e06acad', null, null, 0, 0, 'Self', null, 0, '');
INSERT INTO dw_server.order_info (id, name, create_time, update_time, is_delete, number, state, actually_paid, address_id, payment_method_card_id, subtotal, coupon_discount, vip_discount, transportation_costs, sale_tax, order_id, discount_product_total, finish_time, userId, userAddressId, pickUpTime, generateCoin, deductCoin, pickUpType, userPayCardId, selfAddressIndex, currentUserLevel) VALUES ('56d8e4d0-d483-11e9-a825-6b47957d8df3', null, '2019-09-11 19:00:17', '2019-09-11 19:00:17', 0, '20190911c15d9b', 1, 0, '3232', '3232323', 0, 0, 0, 0, 0, null, 0, null, null, null, null, 0, 0, 'Self', null, 0, '');
INSERT INTO dw_server.order_info (id, name, create_time, update_time, is_delete, number, state, actually_paid, address_id, payment_method_card_id, subtotal, coupon_discount, vip_discount, transportation_costs, sale_tax, order_id, discount_product_total, finish_time, userId, userAddressId, pickUpTime, generateCoin, deductCoin, pickUpType, userPayCardId, selfAddressIndex, currentUserLevel) VALUES ('5f151bb0-f174-11e9-bdaa-733405f475a7', null, '2019-10-18 14:56:12', '2019-10-18 14:56:12', 0, '20191018145612c15d9b', 1, 34747.2, '48fe9400-d2e8-11e9-9d76-d74024cb01d2', 'f3bbaf40-d2e8-11e9-a21f-c710e7cc662c', 43434, 0, 0, 0, 0, null, 34747.2, null, null, '48fe9400-d2e8-11e9-9d76-d74024cb01d2', null, 0, 0, 'Self', 'f3bbaf40-d2e8-11e9-a21f-c710e7cc662c', 0, '');
INSERT INTO dw_server.order_info (id, name, create_time, update_time, is_delete, number, state, actually_paid, address_id, payment_method_card_id, subtotal, coupon_discount, vip_discount, transportation_costs, sale_tax, order_id, discount_product_total, finish_time, userId, userAddressId, pickUpTime, generateCoin, deductCoin, pickUpType, userPayCardId, selfAddressIndex, currentUserLevel) VALUES ('5f2d5990-d794-11e9-b4a5-3f5cb507fbe1', null, '2019-09-15 16:39:48', '2019-09-15 16:39:48', 0, '20190915163946c15d9b', 1, 77, '48fe9400-d2e8-11e9-9d76-d74024cb01d2', '1ff91020-d2e9-11e9-8e79-7f91cad78d8d', 77, 0, 0, 0, 0, null, 0, null, 'c15d9b7c-d2e6-11e9-a131-00163e06acad', '48fe9400-d2e8-11e9-9d76-d74024cb01d2', null, 0, 0, 'Self', '1ff91020-d2e9-11e9-8e79-7f91cad78d8d', 0, '');
INSERT INTO dw_server.order_info (id, name, create_time, update_time, is_delete, number, state, actually_paid, address_id, payment_method_card_id, subtotal, coupon_discount, vip_discount, transportation_costs, sale_tax, order_id, discount_product_total, finish_time, userId, userAddressId, pickUpTime, generateCoin, deductCoin, pickUpType, userPayCardId, selfAddressIndex, currentUserLevel) VALUES ('6b628a00-d77b-11e9-8bd4-8da9f35c939b', null, '2019-09-15 13:41:21', '2019-09-15 13:41:21', 0, '20190915134109c15d9b', 1, 77, '48fe9400-d2e8-11e9-9d76-d74024cb01d2', '1ff91020-d2e9-11e9-8e79-7f91cad78d8d', 77, 0, 0, 0, 0, null, 0, null, 'c15d9b7c-d2e6-11e9-a131-00163e06acad', '48fe9400-d2e8-11e9-9d76-d74024cb01d2', null, 0, 0, 'Self', '1ff91020-d2e9-11e9-8e79-7f91cad78d8d', 0, '');
INSERT INTO dw_server.order_info (id, name, create_time, update_time, is_delete, number, state, actually_paid, address_id, payment_method_card_id, subtotal, coupon_discount, vip_discount, transportation_costs, sale_tax, order_id, discount_product_total, finish_time, userId, userAddressId, pickUpTime, generateCoin, deductCoin, pickUpType, userPayCardId, selfAddressIndex, currentUserLevel) VALUES ('6befbec0-d78f-11e9-b4a5-3f5cb507fbe1', null, '2019-09-15 16:04:32', '2019-09-15 16:04:32', 0, '20190915160420c15d9b', 1, 77, '48fe9400-d2e8-11e9-9d76-d74024cb01d2', '1ff91020-d2e9-11e9-8e79-7f91cad78d8d', 77, 0, 0, 0, 0, null, 0, null, 'c15d9b7c-d2e6-11e9-a131-00163e06acad', '48fe9400-d2e8-11e9-9d76-d74024cb01d2', null, 0, 0, 'Self', '1ff91020-d2e9-11e9-8e79-7f91cad78d8d', 0, '');
INSERT INTO dw_server.order_info (id, name, create_time, update_time, is_delete, number, state, actually_paid, address_id, payment_method_card_id, subtotal, coupon_discount, vip_discount, transportation_costs, sale_tax, order_id, discount_product_total, finish_time, userId, userAddressId, pickUpTime, generateCoin, deductCoin, pickUpType, userPayCardId, selfAddressIndex, currentUserLevel) VALUES ('70322790-d788-11e9-b4a5-3f5cb507fbe1', null, '2019-09-15 15:14:23', '2019-09-15 15:14:23', 0, '20190915151420c15d9b', 1, 77, '48fe9400-d2e8-11e9-9d76-d74024cb01d2', '1ff91020-d2e9-11e9-8e79-7f91cad78d8d', 77, 0, 0, 0, 0, null, 0, null, 'c15d9b7c-d2e6-11e9-a131-00163e06acad', '48fe9400-d2e8-11e9-9d76-d74024cb01d2', null, 0, 0, 'Self', '1ff91020-d2e9-11e9-8e79-7f91cad78d8d', 0, '');
INSERT INTO dw_server.order_info (id, name, create_time, update_time, is_delete, number, state, actually_paid, address_id, payment_method_card_id, subtotal, coupon_discount, vip_discount, transportation_costs, sale_tax, order_id, discount_product_total, finish_time, userId, userAddressId, pickUpTime, generateCoin, deductCoin, pickUpType, userPayCardId, selfAddressIndex, currentUserLevel) VALUES ('79d6e570-d638-11e9-9452-0337207a9920', null, '2019-09-13 23:09:25', '2019-09-13 23:09:25', 0, '20190913230926c15d9b', 1, 77, '48fe9400-d2e8-11e9-9d76-d74024cb01d2', '1ff91020-d2e9-11e9-8e79-7f91cad78d8d', 77, 0, 0, 0, 0, null, 0, null, 'c15d9b7c-d2e6-11e9-a131-00163e06acad', '48fe9400-d2e8-11e9-9d76-d74024cb01d2', null, 0, 0, 'Self', '1ff91020-d2e9-11e9-8e79-7f91cad78d8d', 0, '');
INSERT INTO dw_server.order_info (id, name, create_time, update_time, is_delete, number, state, actually_paid, address_id, payment_method_card_id, subtotal, coupon_discount, vip_discount, transportation_costs, sale_tax, order_id, discount_product_total, finish_time, userId, userAddressId, pickUpTime, generateCoin, deductCoin, pickUpType, userPayCardId, selfAddressIndex, currentUserLevel) VALUES ('7a682f70-27ba-11ea-9b0b-4960045d83ff', null, '2019-12-26 16:34:05', '2019-12-26 16:34:05', 0, '20191226163405c15d9b', 1, 77, '48fe9400-d2e8-11e9-9d76-d74024cb01d2', '1ff91020-d2e9-11e9-8e79-7f91cad78d8d', 77, 0, 0, 0, 0, null, 0, null, 'c15d9b7c-d2e6-11e9-a131-00163e06acad', '48fe9400-d2e8-11e9-9d76-d74024cb01d2', null, 0, 0, 'Self', '1ff91020-d2e9-11e9-8e79-7f91cad78d8d', 0, '');
INSERT INTO dw_server.order_info (id, name, create_time, update_time, is_delete, number, state, actually_paid, address_id, payment_method_card_id, subtotal, coupon_discount, vip_discount, transportation_costs, sale_tax, order_id, discount_product_total, finish_time, userId, userAddressId, pickUpTime, generateCoin, deductCoin, pickUpType, userPayCardId, selfAddressIndex, currentUserLevel) VALUES ('829abe10-d639-11e9-9452-0337207a9920', null, '2019-09-13 23:16:50', '2019-09-13 23:16:50', 0, '20190913231650c15d9b', 1, 77, '48fe9400-d2e8-11e9-9d76-d74024cb01d2', '1ff91020-d2e9-11e9-8e79-7f91cad78d8d', 77, 0, 0, 0, 0, null, 0, null, 'c15d9b7c-d2e6-11e9-a131-00163e06acad', '48fe9400-d2e8-11e9-9d76-d74024cb01d2', null, 0, 0, 'Self', '1ff91020-d2e9-11e9-8e79-7f91cad78d8d', 0, '');
INSERT INTO dw_server.order_info (id, name, create_time, update_time, is_delete, number, state, actually_paid, address_id, payment_method_card_id, subtotal, coupon_discount, vip_discount, transportation_costs, sale_tax, order_id, discount_product_total, finish_time, userId, userAddressId, pickUpTime, generateCoin, deductCoin, pickUpType, userPayCardId, selfAddressIndex, currentUserLevel) VALUES ('8371dc30-f16c-11e9-8641-f7c657df2c26', null, '2019-10-18 13:59:57', '2019-10-18 13:59:57', 0, '20191018135957c15d9b', 1, 69494.4, '48fe9400-d2e8-11e9-9d76-d74024cb01d2', '1ff91020-d2e9-11e9-8e79-7f91cad78d8d', 86868, 0, 0, 0, 0, null, 0, null, null, '48fe9400-d2e8-11e9-9d76-d74024cb01d2', null, 0, 0, 'Self', '1ff91020-d2e9-11e9-8e79-7f91cad78d8d', 0, '');
INSERT INTO dw_server.order_info (id, name, create_time, update_time, is_delete, number, state, actually_paid, address_id, payment_method_card_id, subtotal, coupon_discount, vip_discount, transportation_costs, sale_tax, order_id, discount_product_total, finish_time, userId, userAddressId, pickUpTime, generateCoin, deductCoin, pickUpType, userPayCardId, selfAddressIndex, currentUserLevel) VALUES ('8d6e8620-f171-11e9-8641-f7c657df2c26', null, '2019-10-18 14:36:01', '2019-10-18 14:36:01', 0, '20191018143601c15d9b', 1, 34747.2, '48fe9400-d2e8-11e9-9d76-d74024cb01d2', 'f3bbaf40-d2e8-11e9-a21f-c710e7cc662c', 43434, 0, 0, 0, 0, null, 0, null, null, '48fe9400-d2e8-11e9-9d76-d74024cb01d2', null, 0, 0, 'Self', 'f3bbaf40-d2e8-11e9-a21f-c710e7cc662c', 0, '');
INSERT INTO dw_server.order_info (id, name, create_time, update_time, is_delete, number, state, actually_paid, address_id, payment_method_card_id, subtotal, coupon_discount, vip_discount, transportation_costs, sale_tax, order_id, discount_product_total, finish_time, userId, userAddressId, pickUpTime, generateCoin, deductCoin, pickUpType, userPayCardId, selfAddressIndex, currentUserLevel) VALUES ('91ff4cc0-d631-11e9-9452-0337207a9920', null, '2019-09-13 22:20:00', '2019-09-13 22:20:00', 0, '20190913222000c15d9b', 1, 77, '48fe9400-d2e8-11e9-9d76-d74024cb01d2', '1ff91020-d2e9-11e9-8e79-7f91cad78d8d', 77, 0, 0, 0, 0, null, 0, null, 'c15d9b7c-d2e6-11e9-a131-00163e06acad', '48fe9400-d2e8-11e9-9d76-d74024cb01d2', null, 0, 0, 'Self', '1ff91020-d2e9-11e9-8e79-7f91cad78d8d', 0, '');
INSERT INTO dw_server.order_info (id, name, create_time, update_time, is_delete, number, state, actually_paid, address_id, payment_method_card_id, subtotal, coupon_discount, vip_discount, transportation_costs, sale_tax, order_id, discount_product_total, finish_time, userId, userAddressId, pickUpTime, generateCoin, deductCoin, pickUpType, userPayCardId, selfAddressIndex, currentUserLevel) VALUES ('951ada00-d483-11e9-a6e1-ede4c2be3990', null, '2019-09-11 19:02:01', '2019-09-11 19:02:01', 0, '20190911c15d9b', 1, 0, '3232', '3232323', 0, 0, 0, 0, 0, null, 0, null, null, null, null, 0, 0, 'Self', null, 0, '');
INSERT INTO dw_server.order_info (id, name, create_time, update_time, is_delete, number, state, actually_paid, address_id, payment_method_card_id, subtotal, coupon_discount, vip_discount, transportation_costs, sale_tax, order_id, discount_product_total, finish_time, userId, userAddressId, pickUpTime, generateCoin, deductCoin, pickUpType, userPayCardId, selfAddressIndex, currentUserLevel) VALUES ('b4e966f0-d788-11e9-b4a5-3f5cb507fbe1', null, '2019-09-15 15:16:18', '2019-09-15 15:16:18', 0, '20190915151616c15d9b', 1, 77, '48fe9400-d2e8-11e9-9d76-d74024cb01d2', '1ff91020-d2e9-11e9-8e79-7f91cad78d8d', 77, 0, 0, 0, 0, null, 0, null, 'c15d9b7c-d2e6-11e9-a131-00163e06acad', '48fe9400-d2e8-11e9-9d76-d74024cb01d2', null, 0, 0, 'Self', '1ff91020-d2e9-11e9-8e79-7f91cad78d8d', 0, '');
INSERT INTO dw_server.order_info (id, name, create_time, update_time, is_delete, number, state, actually_paid, address_id, payment_method_card_id, subtotal, coupon_discount, vip_discount, transportation_costs, sale_tax, order_id, discount_product_total, finish_time, userId, userAddressId, pickUpTime, generateCoin, deductCoin, pickUpType, userPayCardId, selfAddressIndex, currentUserLevel) VALUES ('b8790340-d7bd-11e9-8566-6707f96d1d80', null, '2019-09-15 21:35:57', '2019-09-15 21:35:57', 0, '20190915213545c15d9b', 1, 77, '48fe9400-d2e8-11e9-9d76-d74024cb01d2', '1ff91020-d2e9-11e9-8e79-7f91cad78d8d', 77, 0, 0, 0, 0, null, 0, null, 'c15d9b7c-d2e6-11e9-a131-00163e06acad', '48fe9400-d2e8-11e9-9d76-d74024cb01d2', null, 0, 0, 'Self', '1ff91020-d2e9-11e9-8e79-7f91cad78d8d', 0, '');
INSERT INTO dw_server.order_info (id, name, create_time, update_time, is_delete, number, state, actually_paid, address_id, payment_method_card_id, subtotal, coupon_discount, vip_discount, transportation_costs, sale_tax, order_id, discount_product_total, finish_time, userId, userAddressId, pickUpTime, generateCoin, deductCoin, pickUpType, userPayCardId, selfAddressIndex, currentUserLevel) VALUES ('b9c8d110-d526-11e9-a20d-bb5b1a3e56f2', null, '2019-09-12 14:29:50', '2019-09-12 14:29:50', 0, '20190912c15d9b', 1, 77, '48fe9400-d2e8-11e9-9d76-d74024cb01d2', '1ff91020-d2e9-11e9-8e79-7f91cad78d8d', 77, 0, 0, 0, 0, null, 0, null, 'c15d9b7c-d2e6-11e9-a131-00163e06acad', '48fe9400-d2e8-11e9-9d76-d74024cb01d2', null, 0, 0, 'Self', '1ff91020-d2e9-11e9-8e79-7f91cad78d8d', 0, '');
INSERT INTO dw_server.order_info (id, name, create_time, update_time, is_delete, number, state, actually_paid, address_id, payment_method_card_id, subtotal, coupon_discount, vip_discount, transportation_costs, sale_tax, order_id, discount_product_total, finish_time, userId, userAddressId, pickUpTime, generateCoin, deductCoin, pickUpType, userPayCardId, selfAddressIndex, currentUserLevel) VALUES ('ba45d340-27ba-11ea-9b0b-4960045d83ff', null, '2019-12-26 16:35:53', '2019-12-26 16:35:53', 0, '20191226163553c15d9b', 1, 77, '48fe9400-d2e8-11e9-9d76-d74024cb01d2', '1ff91020-d2e9-11e9-8e79-7f91cad78d8d', 77, 0, 0, 0, 0, null, 0, null, 'c15d9b7c-d2e6-11e9-a131-00163e06acad', '48fe9400-d2e8-11e9-9d76-d74024cb01d2', null, 0, 0, 'Self', '1ff91020-d2e9-11e9-8e79-7f91cad78d8d', 0, '');
INSERT INTO dw_server.order_info (id, name, create_time, update_time, is_delete, number, state, actually_paid, address_id, payment_method_card_id, subtotal, coupon_discount, vip_discount, transportation_costs, sale_tax, order_id, discount_product_total, finish_time, userId, userAddressId, pickUpTime, generateCoin, deductCoin, pickUpType, userPayCardId, selfAddressIndex, currentUserLevel) VALUES ('beec7f10-d7c5-11e9-8dbd-152da43e3bca', null, '2019-09-15 22:33:14', '2019-09-15 22:33:14', 0, '20190915223312c15d9b', 1, 77, '48fe9400-d2e8-11e9-9d76-d74024cb01d2', '1ff91020-d2e9-11e9-8e79-7f91cad78d8d', 77, 0, 0, 0, 0, null, 0, null, 'c15d9b7c-d2e6-11e9-a131-00163e06acad', '48fe9400-d2e8-11e9-9d76-d74024cb01d2', null, 0, 0, 'Self', '1ff91020-d2e9-11e9-8e79-7f91cad78d8d', 0, '');
INSERT INTO dw_server.order_info (id, name, create_time, update_time, is_delete, number, state, actually_paid, address_id, payment_method_card_id, subtotal, coupon_discount, vip_discount, transportation_costs, sale_tax, order_id, discount_product_total, finish_time, userId, userAddressId, pickUpTime, generateCoin, deductCoin, pickUpType, userPayCardId, selfAddressIndex, currentUserLevel) VALUES ('c0296600-f15a-11e9-8641-f7c657df2c26', null, '2019-10-18 11:52:48', '2019-10-18 11:52:48', 0, '20191018115248c15d9b', 1, 43434, '48fe9400-d2e8-11e9-9d76-d74024cb01d2', '1ff91020-d2e9-11e9-8e79-7f91cad78d8d', 43434, 0, 0, 0, 0, null, 0, null, null, '48fe9400-d2e8-11e9-9d76-d74024cb01d2', null, 0, 0, 'Self', '1ff91020-d2e9-11e9-8e79-7f91cad78d8d', 0, '');
INSERT INTO dw_server.order_info (id, name, create_time, update_time, is_delete, number, state, actually_paid, address_id, payment_method_card_id, subtotal, coupon_discount, vip_discount, transportation_costs, sale_tax, order_id, discount_product_total, finish_time, userId, userAddressId, pickUpTime, generateCoin, deductCoin, pickUpType, userPayCardId, selfAddressIndex, currentUserLevel) VALUES ('c0325880-d483-11e9-99a8-8d0f726fce2c', null, '2019-09-11 19:03:14', '2019-09-11 19:03:14', 0, '20190911c15d9b', 1, 0, '3232', '3232323', 0, 0, 0, 0, 0, null, 0, null, null, null, null, 0, 0, 'Self', null, 0, '');
INSERT INTO dw_server.order_info (id, name, create_time, update_time, is_delete, number, state, actually_paid, address_id, payment_method_card_id, subtotal, coupon_discount, vip_discount, transportation_costs, sale_tax, order_id, discount_product_total, finish_time, userId, userAddressId, pickUpTime, generateCoin, deductCoin, pickUpType, userPayCardId, selfAddressIndex, currentUserLevel) VALUES ('c3eb8820-d771-11e9-8bd4-8da9f35c939b', null, '2019-09-15 12:32:05', '2019-09-15 12:32:05', 0, '20190915123202c15d9b', 1, 77, '48fe9400-d2e8-11e9-9d76-d74024cb01d2', '1ff91020-d2e9-11e9-8e79-7f91cad78d8d', 77, 0, 0, 0, 0, null, 0, null, 'c15d9b7c-d2e6-11e9-a131-00163e06acad', '48fe9400-d2e8-11e9-9d76-d74024cb01d2', null, 0, 0, 'Self', '1ff91020-d2e9-11e9-8e79-7f91cad78d8d', 0, '');
INSERT INTO dw_server.order_info (id, name, create_time, update_time, is_delete, number, state, actually_paid, address_id, payment_method_card_id, subtotal, coupon_discount, vip_discount, transportation_costs, sale_tax, order_id, discount_product_total, finish_time, userId, userAddressId, pickUpTime, generateCoin, deductCoin, pickUpType, userPayCardId, selfAddressIndex, currentUserLevel) VALUES ('d076d0d6-d472-11e9-a131-00163e06acad', null, '2019-09-11 17:02:00', '2019-09-11 17:02:00', 0, '134443232323', 1, 0, '', '', 0, 0, 0, 0, 0, 'd076d0d6-d472-11e9-a131-00163e06acad', 0, null, null, null, null, 0, 0, 'Self', null, 0, '');
INSERT INTO dw_server.order_info (id, name, create_time, update_time, is_delete, number, state, actually_paid, address_id, payment_method_card_id, subtotal, coupon_discount, vip_discount, transportation_costs, sale_tax, order_id, discount_product_total, finish_time, userId, userAddressId, pickUpTime, generateCoin, deductCoin, pickUpType, userPayCardId, selfAddressIndex, currentUserLevel) VALUES ('d3fc0f90-d5fb-11e9-9c47-9b27bb96b8ed', null, '2019-09-13 15:55:18', '2019-09-13 15:55:18', 0, '20190913155518c15d9b', 1, 77, '48fe9400-d2e8-11e9-9d76-d74024cb01d2', '1ff91020-d2e9-11e9-8e79-7f91cad78d8d', 77, 0, 0, 0, 0, null, 0, null, 'c15d9b7c-d2e6-11e9-a131-00163e06acad', '48fe9400-d2e8-11e9-9d76-d74024cb01d2', null, 0, 0, 'Self', '1ff91020-d2e9-11e9-8e79-7f91cad78d8d', 0, '');
INSERT INTO dw_server.order_info (id, name, create_time, update_time, is_delete, number, state, actually_paid, address_id, payment_method_card_id, subtotal, coupon_discount, vip_discount, transportation_costs, sale_tax, order_id, discount_product_total, finish_time, userId, userAddressId, pickUpTime, generateCoin, deductCoin, pickUpType, userPayCardId, selfAddressIndex, currentUserLevel) VALUES ('d5ff6b90-f345-11e9-af6f-1db7252b38a4', null, '2019-10-20 22:28:08', '2019-10-20 22:28:08', 0, '20191020222808c15d9b', 1, 104242, '48fe9400-d2e8-11e9-9d76-d74024cb01d2', 'f3bbaf40-d2e8-11e9-a21f-c710e7cc662c', 130302, 0, 0, 0, 0, null, 104242, null, null, '48fe9400-d2e8-11e9-9d76-d74024cb01d2', null, 0, 0, 'Self', 'f3bbaf40-d2e8-11e9-a21f-c710e7cc662c', 0, '');
INSERT INTO dw_server.order_info (id, name, create_time, update_time, is_delete, number, state, actually_paid, address_id, payment_method_card_id, subtotal, coupon_discount, vip_discount, transportation_costs, sale_tax, order_id, discount_product_total, finish_time, userId, userAddressId, pickUpTime, generateCoin, deductCoin, pickUpType, userPayCardId, selfAddressIndex, currentUserLevel) VALUES ('d78654a0-d483-11e9-9d44-6168dd9fa457', null, '2019-09-11 19:03:53', '2019-09-11 19:03:53', 0, '20190911c15d9b', 1, 0, '3232', '3232323', 0, 0, 0, 0, 0, null, 0, null, null, null, null, 0, 0, 'Self', null, 0, '');
INSERT INTO dw_server.order_info (id, name, create_time, update_time, is_delete, number, state, actually_paid, address_id, payment_method_card_id, subtotal, coupon_discount, vip_discount, transportation_costs, sale_tax, order_id, discount_product_total, finish_time, userId, userAddressId, pickUpTime, generateCoin, deductCoin, pickUpType, userPayCardId, selfAddressIndex, currentUserLevel) VALUES ('d9fbf180-f16c-11e9-8641-f7c657df2c26', null, '2019-10-18 14:02:22', '2019-10-18 14:02:22', 0, '20191018140222c15d9b', 1, 34747.2, '48fe9400-d2e8-11e9-9d76-d74024cb01d2', 'f3bbaf40-d2e8-11e9-a21f-c710e7cc662c', 43434, 0, 0, 0, 0, null, 0, null, null, '48fe9400-d2e8-11e9-9d76-d74024cb01d2', null, 0, 0, 'Self', 'f3bbaf40-d2e8-11e9-a21f-c710e7cc662c', 0, '');
INSERT INTO dw_server.order_info (id, name, create_time, update_time, is_delete, number, state, actually_paid, address_id, payment_method_card_id, subtotal, coupon_discount, vip_discount, transportation_costs, sale_tax, order_id, discount_product_total, finish_time, userId, userAddressId, pickUpTime, generateCoin, deductCoin, pickUpType, userPayCardId, selfAddressIndex, currentUserLevel) VALUES ('e971bb60-d522-11e9-b9c0-7b2947e49630', null, '2019-09-12 14:02:32', '2019-09-12 14:02:32', 0, '20190912c15d9b', 1, 77, '48fe9400-d2e8-11e9-9d76-d74024cb01d2', '827cd340-d36f-11e9-9a36-37126f25419b', 77, 0, 0, 0, 0, null, 0, null, 'c15d9b7c-d2e6-11e9-a131-00163e06acad', '48fe9400-d2e8-11e9-9d76-d74024cb01d2', null, 0, 0, 'Self', '827cd340-d36f-11e9-9a36-37126f25419b', 0, '');
INSERT INTO dw_server.order_info (id, name, create_time, update_time, is_delete, number, state, actually_paid, address_id, payment_method_card_id, subtotal, coupon_discount, vip_discount, transportation_costs, sale_tax, order_id, discount_product_total, finish_time, userId, userAddressId, pickUpTime, generateCoin, deductCoin, pickUpType, userPayCardId, selfAddressIndex, currentUserLevel) VALUES ('f9c36fd0-d483-11e9-93dd-3f0735a84af5', null, '2019-09-11 19:04:50', '2019-09-11 19:04:50', 0, '20190911c15d9b', 1, 0, '3232', '3232323', 0, 0, 0, 0, 0, null, 0, null, null, null, null, 0, 0, 'Self', null, 0, '');
INSERT INTO dw_server.product (id, name, create_time, update_time, is_delete, category_id, remark, is_hot, is_new, is_enable, sort, stock, unit, weight, price_in, price_out, price_market, brand, is_group, group_precision, group_amount, group_remark, shelvesTypes, groupAmountUnit, packingUnit, number) VALUES ('2bfaf1f0-ee63-11e9-a564-6f02badc1176', '无图产品', '2019-10-14 17:15:29', '2020-03-28 11:32:23', 0, '9225fb50-d383-11e9-a2d1-c5de50d05e2b', '', 1, 1, 0, 0, -3, '1', 6, 40, 66, 66, '666', 0, 5, 5, '', 'eee333434,is_new', '', '1', 1);
INSERT INTO dw_server.product (id, name, create_time, update_time, is_delete, category_id, remark, is_hot, is_new, is_enable, sort, stock, unit, weight, price_in, price_out, price_market, brand, is_group, group_precision, group_amount, group_remark, shelvesTypes, groupAmountUnit, packingUnit, number) VALUES ('520a1ae0-69c1-11ea-ad9a-c71898ae9196', '测试编号', '2020-03-19 17:19:17', '2020-03-19 17:19:17', 0, '', null, 0, 0, 0, 0, 0, 'g', 0, 0, 0, 0, null, 0, 1, 1, null, '', '', '', 6);
INSERT INTO dw_server.product (id, name, create_time, update_time, is_delete, category_id, remark, is_hot, is_new, is_enable, sort, stock, unit, weight, price_in, price_out, price_market, brand, is_group, group_precision, group_amount, group_remark, shelvesTypes, groupAmountUnit, packingUnit, number) VALUES ('aa24d3e0-5c2f-11ea-94bb-994f6d4301e3', '冻好五花肉', '2020-03-02 10:43:57', '2020-03-19 21:11:59', 0, '85ee59b0-5c2f-11ea-94bb-994f6d4301e3', '', 1, 0, 1, 0, 111, 'g', 1000, 1.3, 1.7, 2.4, '绿地', 0, 1, 1, '', 'is_new,is_hot', '', '', 2);
INSERT INTO dw_server.product (id, name, create_time, update_time, is_delete, category_id, remark, is_hot, is_new, is_enable, sort, stock, unit, weight, price_in, price_out, price_market, brand, is_group, group_precision, group_amount, group_remark, shelvesTypes, groupAmountUnit, packingUnit, number) VALUES ('acac4ba0-d383-11e9-a2d1-c5de50d05e2b', '产品001', '2019-09-10 12:30:10', '2020-03-25 22:13:21', 0, '9225fb50-d383-11e9-a2d1-c5de50d05e2b', '', 1, 1, 0, 0, 0, 'g', 1, 9, 77, 88, '34', 0, 1, 1, '', '', '', '', 3);
INSERT INTO dw_server.product (id, name, create_time, update_time, is_delete, category_id, remark, is_hot, is_new, is_enable, sort, stock, unit, weight, price_in, price_out, price_market, brand, is_group, group_precision, group_amount, group_remark, shelvesTypes, groupAmountUnit, packingUnit, number) VALUES ('c6d77f00-2224-11ea-9b0b-4960045d83ff', '好五花肉', '2019-12-19 13:59:53', '2020-01-05 17:13:48', 0, 'f20e88e0-2223-11ea-9b0b-4960045d83ff', '', 0, 1, 0, 0, 0, 'g', 500, 2, 3, 4, '猪大哥', 0, 8, 1, '', '', '', '', 4);
INSERT INTO dw_server.product (id, name, create_time, update_time, is_delete, category_id, remark, is_hot, is_new, is_enable, sort, stock, unit, weight, price_in, price_out, price_market, brand, is_group, group_precision, group_amount, group_remark, shelvesTypes, groupAmountUnit, packingUnit, number) VALUES ('d27f6ba0-eb39-11e9-bb9c-f5e8856f14df', '拼团测试商品', '2019-10-10 16:41:58', '2020-03-19 13:43:02', 0, '9225fb50-d383-11e9-a2d1-c5de50d05e2b', '', 1, 1, 0, 0, 50, '4', 2, 22, 43434, 33, '334', 1, 11, 6, '整箱', 'is_new,is_hot', '', '', 1);
INSERT INTO dw_server.product (id, name, create_time, update_time, is_delete, category_id, remark, is_hot, is_new, is_enable, sort, stock, unit, weight, price_in, price_out, price_market, brand, is_group, group_precision, group_amount, group_remark, shelvesTypes, groupAmountUnit, packingUnit, number) VALUES ('f9b38670-5c2c-11ea-94bb-994f6d4301e3', '2磅装冻鸡翅中', '2020-03-02 10:24:42', '2020-03-03 16:23:52', 0, '155766a0-5c2b-11ea-94bb-994f6d4301e3', '', 1, 0, 1, 0, 22, 'g', 2, 1.6, 2.1, 3, '绿地', 0, 1, 1, '', '', '', '', 5);
INSERT INTO dw_server.product_img (id, name, create_time, update_time, is_delete, product_id, number, url) VALUES ('7bd7225a-d857-11e9-a131-00163e06acad', 'animal-animal-photography-blurred-background-2071873.jpg', '2019-09-16 15:56:26', '2019-09-16 15:56:26', 0, 'acac4ba0-d383-11e9-a2d1-c5de50d05e2b', 0, 'upload_file/1568620586063-animal-animal-photography-blurred-background-2071873.jpg');
INSERT INTO dw_server.product_img (id, name, create_time, update_time, is_delete, product_id, number, url) VALUES ('ae8d91cf-2f9b-11ea-8c6f-00163e06acad', '7d027b7b68.jpg', '2020-01-05 17:13:48', '2020-01-05 17:13:48', 0, 'c6d77f00-2224-11ea-9b0b-4960045d83ff', 0, 'upload_file/1578215628090-7d027b7b68.jpg');
INSERT INTO dw_server.product_img (id, name, create_time, update_time, is_delete, product_id, number, url) VALUES ('d20ceef9-eb39-11e9-8c6f-00163e06acad', 'pexels-photo-1237779.jpeg', '2019-10-10 16:41:58', '2019-10-15 10:25:25', 0, 'd27f6ba0-eb39-11e9-bb9c-f5e8856f14df', 0, 'upload_file/1571106325100-pexels-photo-1237779.jpeg');
INSERT INTO dw_server.product_img (id, name, create_time, update_time, is_delete, product_id, number, url) VALUES ('d20cf1fa-eb39-11e9-8c6f-00163e06acad', '-1227520.jpg', '2019-10-10 16:41:58', '2019-10-15 10:25:25', 0, 'd27f6ba0-eb39-11e9-bb9c-f5e8856f14df', 1, 'upload_file/1571106325123--1227520.jpg');
INSERT INTO dw_server.product_supplement (id, name, create_time, update_time, is_delete, state, amount, number, code, supplier, user_id) VALUES ('02d853c0-1c04-11ea-a4e1-f7499a8c1ef3', null, '2019-12-11 18:50:13', null, 0, 1, 0, '20191211185014c15d9b', '', '', 'c15d9b7c-d2e6-11e9-a131-00163e06acad');
INSERT INTO dw_server.product_supplement (id, name, create_time, update_time, is_delete, state, amount, number, code, supplier, user_id) VALUES ('0a43eca0-27bc-11ea-bc04-1153d8258201', null, '2019-12-26 16:45:15', null, 0, 1, 0, '20191226164516c15d9b', '', '', 'c15d9b7c-d2e6-11e9-a131-00163e06acad');
INSERT INTO dw_server.product_supplement (id, name, create_time, update_time, is_delete, state, amount, number, code, supplier, user_id) VALUES ('0dcc6190-1bff-11ea-b5d3-c1e0be53a367', null, '2019-12-11 18:14:44', null, 0, 1, 0, '20191211181445c15d9b', '', '', 'c15d9b7c-d2e6-11e9-a131-00163e06acad');
INSERT INTO dw_server.product_supplement (id, name, create_time, update_time, is_delete, state, amount, number, code, supplier, user_id) VALUES ('1fd9c680-6f64-11ea-ae91-0b8a88fb0c1a', null, '2020-03-26 21:17:21', null, 0, 1, 0, 'c15d9b20200326211720', '', '', 'c15d9b7c-d2e6-11e9-a131-00163e06acad');
INSERT INTO dw_server.product_supplement (id, name, create_time, update_time, is_delete, state, amount, number, code, supplier, user_id) VALUES ('22649910-1bff-11ea-9b3c-ddeab90dd566', null, '2019-12-11 18:15:19', null, 0, 1, 0, '20191211181519c15d9b', '', '', 'c15d9b7c-d2e6-11e9-a131-00163e06acad');
INSERT INTO dw_server.product_supplement (id, name, create_time, update_time, is_delete, state, amount, number, code, supplier, user_id) VALUES ('27919040-6115-11ea-9e30-8dd98b215c12', null, '2020-03-08 16:16:47', null, 0, 1, 0, '20200308161647c15d9b', '', '', 'c15d9b7c-d2e6-11e9-a131-00163e06acad');
INSERT INTO dw_server.product_supplement (id, name, create_time, update_time, is_delete, state, amount, number, code, supplier, user_id) VALUES ('2e83e8f0-6131-11ea-810c-8b53b505c852', null, '2020-03-08 19:37:25', '2020-03-25 22:12:35', 0, 2, 0, '20200308193724c15d9b', '', '', 'c15d9b7c-d2e6-11e9-a131-00163e06acad');
INSERT INTO dw_server.product_supplement (id, name, create_time, update_time, is_delete, state, amount, number, code, supplier, user_id) VALUES ('320a3c80-1c04-11ea-a880-dbe29ce25358', null, '2019-12-11 18:51:33', null, 0, 1, 0, '20191211185133c15d9b', '', '', 'c15d9b7c-d2e6-11e9-a131-00163e06acad');
INSERT INTO dw_server.product_supplement (id, name, create_time, update_time, is_delete, state, amount, number, code, supplier, user_id) VALUES ('3581ce70-610d-11ea-9e3e-ad333e15e111', null, '2020-03-08 15:19:55', null, 0, 1, 0, '20200308151954c15d9b', '', '', 'c15d9b7c-d2e6-11e9-a131-00163e06acad');
INSERT INTO dw_server.product_supplement (id, name, create_time, update_time, is_delete, state, amount, number, code, supplier, user_id) VALUES ('3e61a050-1bfe-11ea-9a57-abf08d573bef', null, '2019-12-11 18:08:56', null, 0, 1, 0, '20191211180857c15d9b', '', '', 'c15d9b7c-d2e6-11e9-a131-00163e06acad');
INSERT INTO dw_server.product_supplement (id, name, create_time, update_time, is_delete, state, amount, number, code, supplier, user_id) VALUES ('477f76d0-6f64-11ea-aae6-a197fba69700', null, '2020-03-26 21:18:27', null, 0, 1, 0, 'c15d9b20200326211827', '', '', 'c15d9b7c-d2e6-11e9-a131-00163e06acad');
INSERT INTO dw_server.product_supplement (id, name, create_time, update_time, is_delete, state, amount, number, code, supplier, user_id) VALUES ('508dab10-1c04-11ea-b3b5-977f088d9168', null, '2019-12-11 18:52:25', null, 0, 1, 0, '20191211185224c15d9b', '', '', 'c15d9b7c-d2e6-11e9-a131-00163e06acad');
INSERT INTO dw_server.product_supplement (id, name, create_time, update_time, is_delete, state, amount, number, code, supplier, user_id) VALUES ('5d6fe780-1cb3-11ea-bb5c-d1652ac09523', null, '2019-12-12 15:45:28', null, 0, 1, 0, '20191212154528c15d9b', '', '', 'c15d9b7c-d2e6-11e9-a131-00163e06acad');
INSERT INTO dw_server.product_supplement (id, name, create_time, update_time, is_delete, state, amount, number, code, supplier, user_id) VALUES ('761b04a0-1cb2-11ea-bb5c-d1652ac09523', null, '2019-12-12 15:39:00', null, 0, 1, 0, '20191212153859c15d9b', '', '', 'c15d9b7c-d2e6-11e9-a131-00163e06acad');
INSERT INTO dw_server.product_supplement (id, name, create_time, update_time, is_delete, state, amount, number, code, supplier, user_id) VALUES ('83e46ea0-6f64-11ea-9ce8-27998c7b44cb', null, '2020-03-26 21:20:09', '2020-03-28 00:07:21', 0, 2, 0, 'c15d9b20200326212008', '', '', 'c15d9b7c-d2e6-11e9-a131-00163e06acad');
INSERT INTO dw_server.product_supplement (id, name, create_time, update_time, is_delete, state, amount, number, code, supplier, user_id) VALUES ('8ae84630-1bff-11ea-b08a-15d0832c1cc8', null, '2019-12-11 18:18:14', null, 0, 1, 0, '20191211181814c15d9b', '', '', 'c15d9b7c-d2e6-11e9-a131-00163e06acad');
INSERT INTO dw_server.product_supplement (id, name, create_time, update_time, is_delete, state, amount, number, code, supplier, user_id) VALUES ('8da3afe0-1cb3-11ea-8d23-a5a303ee55b9', null, '2019-12-12 15:46:49', null, 0, 1, 0, '20191212154648c15d9b', '', '', 'c15d9b7c-d2e6-11e9-a131-00163e06acad');
INSERT INTO dw_server.product_supplement (id, name, create_time, update_time, is_delete, state, amount, number, code, supplier, user_id) VALUES ('934116e0-69f2-11ea-b2dc-472d3ada2f9e', null, '2020-03-19 23:01:56', '2020-03-25 22:11:55', 0, 1, 0, '20200319230156c15d9b', '', '', 'c15d9b7c-d2e6-11e9-a131-00163e06acad');
INSERT INTO dw_server.product_supplement (id, name, create_time, update_time, is_delete, state, amount, number, code, supplier, user_id) VALUES ('9a06aa80-1bff-11ea-9a6c-c9e530290227', null, '2019-12-11 18:18:40', null, 0, 1, 0, '20191211181840c15d9b', '', '', 'c15d9b7c-d2e6-11e9-a131-00163e06acad');
INSERT INTO dw_server.product_supplement (id, name, create_time, update_time, is_delete, state, amount, number, code, supplier, user_id) VALUES ('9c6a6740-1c03-11ea-b63d-151f7e2fc728', null, '2019-12-11 18:47:22', null, 0, 1, 0, '20191211184722c15d9b', '', '', 'c15d9b7c-d2e6-11e9-a131-00163e06acad');
INSERT INTO dw_server.product_supplement (id, name, create_time, update_time, is_delete, state, amount, number, code, supplier, user_id) VALUES ('b0f4c460-6115-11ea-8136-075b288b03c2', null, '2020-03-08 16:20:38', null, 0, 1, 0, '20200308162037c15d9b', '', '', 'c15d9b7c-d2e6-11e9-a131-00163e06acad');
INSERT INTO dw_server.product_supplement (id, name, create_time, update_time, is_delete, state, amount, number, code, supplier, user_id) VALUES ('c4d3ec70-6112-11ea-9e3e-ad333e15e111', null, '2020-03-08 15:59:42', null, 0, 1, 0, '20200308155942c15d9b', '', '', 'c15d9b7c-d2e6-11e9-a131-00163e06acad');
INSERT INTO dw_server.product_supplement (id, name, create_time, update_time, is_delete, state, amount, number, code, supplier, user_id) VALUES ('c6adf3f0-1c03-11ea-a35e-6ddb5eb2da6f', null, '2019-12-11 18:48:33', null, 0, 1, 0, '20191211184833c15d9b', '', '', 'c15d9b7c-d2e6-11e9-a131-00163e06acad');
INSERT INTO dw_server.product_supplement (id, name, create_time, update_time, is_delete, state, amount, number, code, supplier, user_id) VALUES ('d3416560-1cb8-11ea-9f52-3b34efad1fe9', null, '2019-12-12 16:24:33', null, 0, 1, 0, '20191212162433c15d9b', '', '', 'c15d9b7c-d2e6-11e9-a131-00163e06acad');
INSERT INTO dw_server.product_supplement (id, name, create_time, update_time, is_delete, state, amount, number, code, supplier, user_id) VALUES ('d6ce7600-1cb3-11ea-819c-095e0af01a08', null, '2019-12-12 15:48:51', null, 0, 1, 0, '20191212154851c15d9b', '', '', 'c15d9b7c-d2e6-11e9-a131-00163e06acad');
INSERT INTO dw_server.product_supplement (id, name, create_time, update_time, is_delete, state, amount, number, code, supplier, user_id) VALUES ('df82d360-6112-11ea-9e3e-ad333e15e111', null, '2020-03-08 16:00:27', null, 0, 1, 0, '20200308160027c15d9b', '', '', 'c15d9b7c-d2e6-11e9-a131-00163e06acad');
INSERT INTO dw_server.product_supplement (id, name, create_time, update_time, is_delete, state, amount, number, code, supplier, user_id) VALUES ('e68827a0-1bfd-11ea-b33a-1f347ec1eac6', null, '2019-12-11 18:06:29', null, 0, 1, 0, '20191211180629c15d9b', '', '', 'c15d9b7c-d2e6-11e9-a131-00163e06acad');
INSERT INTO dw_server.product_supplement (id, name, create_time, update_time, is_delete, state, amount, number, code, supplier, user_id) VALUES ('f25be610-1c03-11ea-b927-35096112e937', null, '2019-12-11 18:49:46', null, 0, 1, 0, '20191211184946c15d9b', '', '', 'c15d9b7c-d2e6-11e9-a131-00163e06acad');
INSERT INTO dw_server.product_supplement (id, name, create_time, update_time, is_delete, state, amount, number, code, supplier, user_id) VALUES ('f95f20b0-6115-11ea-8a68-d55d8fe0f80f', null, '2020-03-08 16:22:39', '2020-03-19 04:14:19', 0, 1, 0, '20200308162239c15d9b', '', '', 'c15d9b7c-d2e6-11e9-a131-00163e06acad');
INSERT INTO dw_server.product_supplement (id, name, create_time, update_time, is_delete, state, amount, number, code, supplier, user_id) VALUES ('fbeb1f40-69c7-11ea-980c-b772bc62686c', null, '2020-03-19 17:57:02', '2020-03-25 22:13:21', 0, 2, 0, '20200319175703c15d9b', '', '', 'c15d9b7c-d2e6-11e9-a131-00163e06acad');
INSERT INTO dw_server.promo_code (id, name, create_time, update_time, is_delete, remark, title, discount_type, discount_amount, discount_condition, discount_condition_amount, product_category, img_url, effective_date_start, effective_date_end, promo_code_type, reuse_times, code, isDisable) VALUES ('1501d220-6feb-11ea-952b-593c3414ec5e', '', '2020-03-27 13:23:24', '2020-03-29 16:47:10', 0, '张琪的优惠', '张琪', 'Percentage', 2, 'Amount', 100, 'nolimit', 'upload_file/1585318768288-etoyou full logo trans.png', '2020-02-01 13:00:00', '2020-03-31 23:59:00', 'PromoCode', 1, 'qi1978', 1);
INSERT INTO dw_server.promo_code (id, name, create_time, update_time, is_delete, remark, title, discount_type, discount_amount, discount_condition, discount_condition_amount, product_category, img_url, effective_date_start, effective_date_end, promo_code_type, reuse_times, code, isDisable) VALUES ('28584560-6fec-11ea-952b-593c3414ec5e', '', '2020-03-27 13:31:06', '2020-03-29 11:21:15', 0, '零食类，消费满100，减2%', '钻石98折', 'Percentage', 2, 'Amount', 100, 'a33ffef0-6928-11ea-9ca7-2f1f336780da', 'upload_file/1585287066122-99 logo transparent.png', '2020-03-27 12:00:00', '2020-03-28 11:59:00', 'DarenCard', 2, '', 0);
INSERT INTO dw_server.promo_code (id, name, create_time, update_time, is_delete, remark, title, discount_type, discount_amount, discount_condition, discount_condition_amount, product_category, img_url, effective_date_start, effective_date_end, promo_code_type, reuse_times, code, isDisable) VALUES ('6fedb9b0-4714-11ea-a7b7-855ace6d7a1e', '', '2020-02-04 14:06:09', '2020-03-28 11:05:45', 0, '描述11', '名称11', 'Amount', 99, 'Amount', 500, '8b01fa90-d383-11e9-a2d1-c5de50d05e2b', 'upload_file/1585293502967-ddddddddddddddddddddddddddddddddddddddddddddddddddddddddddddddddddddddddddddddddddddddddddddddddddddddddddddddddddddddddddddddddddddddddddddddddddddddddddddddddddddddddddddddddddddddddddddddddddddddddddddddddddddddddddddddddddddddd.jpg', '2019-12-02 14:05:00', '2020-02-28 23:59:59', 'PromoCode', 1, 'dlfkjsdf11', 1);
INSERT INTO dw_server.promo_code (id, name, create_time, update_time, is_delete, remark, title, discount_type, discount_amount, discount_condition, discount_condition_amount, product_category, img_url, effective_date_start, effective_date_end, promo_code_type, reuse_times, code, isDisable) VALUES ('a2f8c8e0-475f-11ea-a052-f7bc59fe5f02', '', '2020-02-04 23:04:26', '2020-03-28 11:05:50', 0, '123', 'name', 'Amount', 22, 'Amount', 100, '85432580-6928-11ea-9ca7-2f1f336780da', 'upload_file/1585293523668-unnamed (1).jpg', '2020-02-02 23:03:00', '2020-02-05 23:03:00', 'PromoCode', 1, '2323', 1);
INSERT INTO dw_server.promo_code (id, name, create_time, update_time, is_delete, remark, title, discount_type, discount_amount, discount_condition, discount_condition_amount, product_category, img_url, effective_date_start, effective_date_end, promo_code_type, reuse_times, code, isDisable) VALUES ('fffdc910-47e0-11ea-b9c8-9d82c34df958', '', '2020-02-05 14:30:28', '2020-02-05 15:42:36', 1, '描述', '达人卡', 'Amount', 1, 'No', 0, '8b01fa90-d383-11e9-a2d1-c5de50d05e2b', 'upload_file/1580884227239-7d027b7b68.jpg', '2020-02-02 14:29:00', null, 'DarenCard', 1, '', 0);
INSERT INTO dw_server.r_order_product (id, name, create_time, update_time, is_delete, order_id, product_id, count, orderInfoId, productId, dealPrice) VALUES ('012b9e30-d634-11e9-9452-0337207a9920', null, '2019-09-13 22:37:25', null, 0, '012312b0-d634-11e9-9452-0337207a9920', 'acac4ba0-d383-11e9-a2d1-c5de50d05e2b', 1, '012312b0-d634-11e9-9452-0337207a9920', 'acac4ba0-d383-11e9-a2d1-c5de50d05e2b', 0);
INSERT INTO dw_server.r_order_product (id, name, create_time, update_time, is_delete, order_id, product_id, count, orderInfoId, productId, dealPrice) VALUES ('0cfea260-d784-11e9-b4a5-3f5cb507fbe1', null, '2019-09-15 14:42:58', null, 0, '0cf5a1b0-d784-11e9-b4a5-3f5cb507fbe1', 'acac4ba0-d383-11e9-a2d1-c5de50d05e2b', 1, '0cf5a1b0-d784-11e9-b4a5-3f5cb507fbe1', 'acac4ba0-d383-11e9-a2d1-c5de50d05e2b', 0);
INSERT INTO dw_server.r_order_product (id, name, create_time, update_time, is_delete, order_id, product_id, count, orderInfoId, productId, dealPrice) VALUES ('14c258f0-d5ec-11e9-bfd7-1555a40f8da1', null, '2019-09-13 14:02:34', null, 0, '14b97f50-d5ec-11e9-bfd7-1555a40f8da1', 'acac4ba0-d383-11e9-a2d1-c5de50d05e2b', 1, '14b97f50-d5ec-11e9-bfd7-1555a40f8da1', 'acac4ba0-d383-11e9-a2d1-c5de50d05e2b', 0);
INSERT INTO dw_server.r_order_product (id, name, create_time, update_time, is_delete, order_id, product_id, count, orderInfoId, productId, dealPrice) VALUES ('160da7b0-27bc-11ea-9b0b-4960045d83ff', null, '2019-12-26 16:45:36', null, 0, '160c9640-27bc-11ea-9b0b-4960045d83ff', 'acac4ba0-d383-11e9-a2d1-c5de50d05e2b', 4, '160c9640-27bc-11ea-9b0b-4960045d83ff', 'acac4ba0-d383-11e9-a2d1-c5de50d05e2b', 0);
INSERT INTO dw_server.r_order_product (id, name, create_time, update_time, is_delete, order_id, product_id, count, orderInfoId, productId, dealPrice) VALUES ('1782e850-d788-11e9-b4a5-3f5cb507fbe1', null, '2019-09-15 15:11:54', null, 0, '11790a20-d788-11e9-b4a5-3f5cb507fbe1', 'acac4ba0-d383-11e9-a2d1-c5de50d05e2b', 1, '11790a20-d788-11e9-b4a5-3f5cb507fbe1', 'acac4ba0-d383-11e9-a2d1-c5de50d05e2b', 0);
INSERT INTO dw_server.r_order_product (id, name, create_time, update_time, is_delete, order_id, product_id, count, orderInfoId, productId, dealPrice) VALUES ('1a118ab0-f16c-11e9-8641-f7c657df2c26', null, '2019-10-18 13:57:00', null, 0, '1a068e30-f16c-11e9-8641-f7c657df2c26', 'acac4ba0-d383-11e9-a2d1-c5de50d05e2b', 1, '1a068e30-f16c-11e9-8641-f7c657df2c26', 'acac4ba0-d383-11e9-a2d1-c5de50d05e2b', 0);
INSERT INTO dw_server.r_order_product (id, name, create_time, update_time, is_delete, order_id, product_id, count, orderInfoId, productId, dealPrice) VALUES ('276e3790-d52d-11e9-947d-7b6f5bfdf219', null, '2019-09-12 15:15:51', null, 0, '27620290-d52d-11e9-947d-7b6f5bfdf219', 'acac4ba0-d383-11e9-a2d1-c5de50d05e2b', 1, '27620290-d52d-11e9-947d-7b6f5bfdf219', 'acac4ba0-d383-11e9-a2d1-c5de50d05e2b', 0);
INSERT INTO dw_server.r_order_product (id, name, create_time, update_time, is_delete, order_id, product_id, count, orderInfoId, productId, dealPrice) VALUES ('28af6b10-d857-11e9-8e6d-0beafbf97bcd', null, '2019-09-16 15:54:06', null, 0, '28ad6f40-d857-11e9-8e6d-0beafbf97bcd', 'acac4ba0-d383-11e9-a2d1-c5de50d05e2b', 1, '28ad6f40-d857-11e9-8e6d-0beafbf97bcd', 'acac4ba0-d383-11e9-a2d1-c5de50d05e2b', 0);
INSERT INTO dw_server.r_order_product (id, name, create_time, update_time, is_delete, order_id, product_id, count, orderInfoId, productId, dealPrice) VALUES ('317b0e90-27ba-11ea-9b0b-4960045d83ff', null, '2019-12-26 16:32:03', null, 0, '31784f70-27ba-11ea-9b0b-4960045d83ff', 'acac4ba0-d383-11e9-a2d1-c5de50d05e2b', 1, '31784f70-27ba-11ea-9b0b-4960045d83ff', 'acac4ba0-d383-11e9-a2d1-c5de50d05e2b', 0);
INSERT INTO dw_server.r_order_product (id, name, create_time, update_time, is_delete, order_id, product_id, count, orderInfoId, productId, dealPrice) VALUES ('3f6bc620-2a1c-11ea-ae5b-ed77761b2f5b', null, '2019-12-29 17:18:59', null, 0, '3f68dff0-2a1c-11ea-ae5b-ed77761b2f5b', 'acac4ba0-d383-11e9-a2d1-c5de50d05e2b', 1, '3f68dff0-2a1c-11ea-ae5b-ed77761b2f5b', 'acac4ba0-d383-11e9-a2d1-c5de50d05e2b', 0);
INSERT INTO dw_server.r_order_product (id, name, create_time, update_time, is_delete, order_id, product_id, count, orderInfoId, productId, dealPrice) VALUES ('3f6bc621-2a1c-11ea-ae5b-ed77761b2f5b', null, '2019-12-29 17:18:59', null, 0, '3f68dff0-2a1c-11ea-ae5b-ed77761b2f5b', '2bfaf1f0-ee63-11e9-a564-6f02badc1176', 1, '3f68dff0-2a1c-11ea-ae5b-ed77761b2f5b', '2bfaf1f0-ee63-11e9-a564-6f02badc1176', 0);
INSERT INTO dw_server.r_order_product (id, name, create_time, update_time, is_delete, order_id, product_id, count, orderInfoId, productId, dealPrice) VALUES ('42598780-27bc-11ea-9b0b-4960045d83ff', null, '2019-12-26 16:46:50', null, 0, '42589d20-27bc-11ea-9b0b-4960045d83ff', 'acac4ba0-d383-11e9-a2d1-c5de50d05e2b', 1, '42589d20-27bc-11ea-9b0b-4960045d83ff', 'acac4ba0-d383-11e9-a2d1-c5de50d05e2b', 0);
INSERT INTO dw_server.r_order_product (id, name, create_time, update_time, is_delete, order_id, product_id, count, orderInfoId, productId, dealPrice) VALUES ('42a2d800-d527-11e9-a20d-bb5b1a3e56f2', null, '2019-09-12 14:33:40', null, 0, '42971830-d527-11e9-a20d-bb5b1a3e56f2', 'f5dd3b02-d3ab-11e9-a131-00163e06acad', 1, '42971830-d527-11e9-a20d-bb5b1a3e56f2', null, 0);
INSERT INTO dw_server.r_order_product (id, name, create_time, update_time, is_delete, order_id, product_id, count, orderInfoId, productId, dealPrice) VALUES ('4b86fc60-d484-11e9-867f-b38cfbc7927c', null, '2019-09-11 19:07:07', null, 0, '4b745ec0-d484-11e9-867f-b38cfbc7927c', '3434', 4, '4b745ec0-d484-11e9-867f-b38cfbc7927c', null, 0);
INSERT INTO dw_server.r_order_product (id, name, create_time, update_time, is_delete, order_id, product_id, count, orderInfoId, productId, dealPrice) VALUES ('5f36f680-d794-11e9-b4a5-3f5cb507fbe1', null, '2019-09-15 16:39:48', null, 0, '5f2d5990-d794-11e9-b4a5-3f5cb507fbe1', 'acac4ba0-d383-11e9-a2d1-c5de50d05e2b', 1, '5f2d5990-d794-11e9-b4a5-3f5cb507fbe1', 'acac4ba0-d383-11e9-a2d1-c5de50d05e2b', 0);
INSERT INTO dw_server.r_order_product (id, name, create_time, update_time, is_delete, order_id, product_id, count, orderInfoId, productId, dealPrice) VALUES ('703bc480-d788-11e9-b4a5-3f5cb507fbe1', null, '2019-09-15 15:14:23', null, 0, '70322790-d788-11e9-b4a5-3f5cb507fbe1', 'acac4ba0-d383-11e9-a2d1-c5de50d05e2b', 1, '70322790-d788-11e9-b4a5-3f5cb507fbe1', 'acac4ba0-d383-11e9-a2d1-c5de50d05e2b', 0);
INSERT INTO dw_server.r_order_product (id, name, create_time, update_time, is_delete, order_id, product_id, count, orderInfoId, productId, dealPrice) VALUES ('7169a910-d77b-11e9-8bd4-8da9f35c939b', null, '2019-09-15 13:41:21', null, 0, '6b628a00-d77b-11e9-8bd4-8da9f35c939b', 'acac4ba0-d383-11e9-a2d1-c5de50d05e2b', 1, '6b628a00-d77b-11e9-8bd4-8da9f35c939b', 'acac4ba0-d383-11e9-a2d1-c5de50d05e2b', 0);
INSERT INTO dw_server.r_order_product (id, name, create_time, update_time, is_delete, order_id, product_id, count, orderInfoId, productId, dealPrice) VALUES ('71f68fb0-d78f-11e9-b4a5-3f5cb507fbe1', null, '2019-09-15 16:04:32', null, 0, '6befbec0-d78f-11e9-b4a5-3f5cb507fbe1', 'acac4ba0-d383-11e9-a2d1-c5de50d05e2b', 1, '6befbec0-d78f-11e9-b4a5-3f5cb507fbe1', 'acac4ba0-d383-11e9-a2d1-c5de50d05e2b', 0);
INSERT INTO dw_server.r_order_product (id, name, create_time, update_time, is_delete, order_id, product_id, count, orderInfoId, productId, dealPrice) VALUES ('79e0f790-d638-11e9-9452-0337207a9920', null, '2019-09-13 23:09:25', null, 0, '79d6e570-d638-11e9-9452-0337207a9920', 'acac4ba0-d383-11e9-a2d1-c5de50d05e2b', 1, '79d6e570-d638-11e9-9452-0337207a9920', 'acac4ba0-d383-11e9-a2d1-c5de50d05e2b', 0);
INSERT INTO dw_server.r_order_product (id, name, create_time, update_time, is_delete, order_id, product_id, count, orderInfoId, productId, dealPrice) VALUES ('7a68f2c0-27ba-11ea-9b0b-4960045d83ff', null, '2019-12-26 16:34:05', null, 0, '7a682f70-27ba-11ea-9b0b-4960045d83ff', 'acac4ba0-d383-11e9-a2d1-c5de50d05e2b', 1, '7a682f70-27ba-11ea-9b0b-4960045d83ff', 'acac4ba0-d383-11e9-a2d1-c5de50d05e2b', 0);
INSERT INTO dw_server.r_order_product (id, name, create_time, update_time, is_delete, order_id, product_id, count, orderInfoId, productId, dealPrice) VALUES ('82a40ce0-d639-11e9-9452-0337207a9920', null, '2019-09-13 23:16:50', null, 0, '829abe10-d639-11e9-9452-0337207a9920', 'acac4ba0-d383-11e9-a2d1-c5de50d05e2b', 1, '829abe10-d639-11e9-9452-0337207a9920', 'acac4ba0-d383-11e9-a2d1-c5de50d05e2b', 0);
INSERT INTO dw_server.r_order_product (id, name, create_time, update_time, is_delete, order_id, product_id, count, orderInfoId, productId, dealPrice) VALUES ('92121170-d631-11e9-9452-0337207a9920', null, '2019-09-13 22:20:00', null, 0, '91ff4cc0-d631-11e9-9452-0337207a9920', 'acac4ba0-d383-11e9-a2d1-c5de50d05e2b', 1, '91ff4cc0-d631-11e9-9452-0337207a9920', 'acac4ba0-d383-11e9-a2d1-c5de50d05e2b', 0);
INSERT INTO dw_server.r_order_product (id, name, create_time, update_time, is_delete, order_id, product_id, count, orderInfoId, productId, dealPrice) VALUES ('b4f2b5c0-d788-11e9-b4a5-3f5cb507fbe1', null, '2019-09-15 15:16:18', null, 0, 'b4e966f0-d788-11e9-b4a5-3f5cb507fbe1', 'acac4ba0-d383-11e9-a2d1-c5de50d05e2b', 1, 'b4e966f0-d788-11e9-b4a5-3f5cb507fbe1', 'acac4ba0-d383-11e9-a2d1-c5de50d05e2b', 0);
INSERT INTO dw_server.r_order_product (id, name, create_time, update_time, is_delete, order_id, product_id, count, orderInfoId, productId, dealPrice) VALUES ('b9d55430-d526-11e9-a20d-bb5b1a3e56f2', null, '2019-09-12 14:29:51', null, 0, 'b9c8d110-d526-11e9-a20d-bb5b1a3e56f2', 'f5dd3b02-d3ab-11e9-a131-00163e06acad', 1, 'b9c8d110-d526-11e9-a20d-bb5b1a3e56f2', null, 0);
INSERT INTO dw_server.r_order_product (id, name, create_time, update_time, is_delete, order_id, product_id, count, orderInfoId, productId, dealPrice) VALUES ('ba469690-27ba-11ea-9b0b-4960045d83ff', null, '2019-12-26 16:35:53', null, 0, 'ba45d340-27ba-11ea-9b0b-4960045d83ff', 'acac4ba0-d383-11e9-a2d1-c5de50d05e2b', 1, 'ba45d340-27ba-11ea-9b0b-4960045d83ff', 'acac4ba0-d383-11e9-a2d1-c5de50d05e2b', 0);
INSERT INTO dw_server.r_order_product (id, name, create_time, update_time, is_delete, order_id, product_id, count, orderInfoId, productId, dealPrice) VALUES ('be815ad0-d7bd-11e9-8566-6707f96d1d80', null, '2019-09-15 21:35:57', null, 0, 'b8790340-d7bd-11e9-8566-6707f96d1d80', 'acac4ba0-d383-11e9-a2d1-c5de50d05e2b', 1, 'b8790340-d7bd-11e9-8566-6707f96d1d80', 'acac4ba0-d383-11e9-a2d1-c5de50d05e2b', 0);
INSERT INTO dw_server.r_order_product (id, name, create_time, update_time, is_delete, order_id, product_id, count, orderInfoId, productId, dealPrice) VALUES ('befe5960-d7c5-11e9-8dbd-152da43e3bca', null, '2019-09-15 22:33:14', null, 0, 'beec7f10-d7c5-11e9-8dbd-152da43e3bca', 'acac4ba0-d383-11e9-a2d1-c5de50d05e2b', 1, 'beec7f10-d7c5-11e9-8dbd-152da43e3bca', 'acac4ba0-d383-11e9-a2d1-c5de50d05e2b', 0);
INSERT INTO dw_server.r_order_product (id, name, create_time, update_time, is_delete, order_id, product_id, count, orderInfoId, productId, dealPrice) VALUES ('c3f3c580-d771-11e9-8bd4-8da9f35c939b', null, '2019-09-15 12:32:05', null, 0, 'c3eb8820-d771-11e9-8bd4-8da9f35c939b', 'acac4ba0-d383-11e9-a2d1-c5de50d05e2b', 1, 'c3eb8820-d771-11e9-8bd4-8da9f35c939b', 'acac4ba0-d383-11e9-a2d1-c5de50d05e2b', 0);
INSERT INTO dw_server.r_order_product (id, name, create_time, update_time, is_delete, order_id, product_id, count, orderInfoId, productId, dealPrice) VALUES ('d4049b10-d5fb-11e9-9c47-9b27bb96b8ed', null, '2019-09-13 15:55:18', null, 0, 'd3fc0f90-d5fb-11e9-9c47-9b27bb96b8ed', 'acac4ba0-d383-11e9-a2d1-c5de50d05e2b', 1, 'd3fc0f90-d5fb-11e9-9c47-9b27bb96b8ed', 'acac4ba0-d383-11e9-a2d1-c5de50d05e2b', 0);
INSERT INTO dw_server.r_order_product (id, name, create_time, update_time, is_delete, order_id, product_id, count, orderInfoId, productId, dealPrice) VALUES ('d79807e0-d483-11e9-9d44-6168dd9fa457', null, '2019-09-11 19:03:53', null, 0, 'd78654a0-d483-11e9-9d44-6168dd9fa457', '3434', 4, 'd78654a0-d483-11e9-9d44-6168dd9fa457', null, 0);
INSERT INTO dw_server.r_order_product (id, name, create_time, update_time, is_delete, order_id, product_id, count, orderInfoId, productId, dealPrice) VALUES ('e97a9500-d522-11e9-b9c0-7b2947e49630', null, '2019-09-12 14:02:32', null, 0, 'e971bb60-d522-11e9-b9c0-7b2947e49630', 'f5dd3b02-d3ab-11e9-a131-00163e06acad', 1, 'e971bb60-d522-11e9-b9c0-7b2947e49630', null, 0);
INSERT INTO dw_server.r_order_product (id, name, create_time, update_time, is_delete, order_id, product_id, count, orderInfoId, productId, dealPrice) VALUES ('f9d52310-d483-11e9-93dd-3f0735a84af5', null, '2019-09-11 19:04:50', null, 0, 'f9c36fd0-d483-11e9-93dd-3f0735a84af5', '3434', 4, 'f9c36fd0-d483-11e9-93dd-3f0735a84af5', null, 0);
INSERT INTO dw_server.r_order_user (id, name, create_time, update_time, is_delete, user_id, order_id, userId) VALUES ('013402a0-d634-11e9-9452-0337207a9920', null, '2019-09-13 22:37:25', null, 0, 'c15d9b7c-d2e6-11e9-a131-00163e06acad', '012312b0-d634-11e9-9452-0337207a9920', null);
INSERT INTO dw_server.r_order_user (id, name, create_time, update_time, is_delete, user_id, order_id, userId) VALUES ('0d06dfc0-d784-11e9-b4a5-3f5cb507fbe1', null, '2019-09-15 14:42:58', null, 0, 'c15d9b7c-d2e6-11e9-a131-00163e06acad', '0cf5a1b0-d784-11e9-b4a5-3f5cb507fbe1', null);
INSERT INTO dw_server.r_order_user (id, name, create_time, update_time, is_delete, user_id, order_id, userId) VALUES ('14cb3290-d5ec-11e9-bfd7-1555a40f8da1', null, '2019-09-13 14:02:34', null, 0, 'c15d9b7c-d2e6-11e9-a131-00163e06acad', '14b97f50-d5ec-11e9-bfd7-1555a40f8da1', null);
INSERT INTO dw_server.r_order_user (id, name, create_time, update_time, is_delete, user_id, order_id, userId) VALUES ('160e6b00-27bc-11ea-9b0b-4960045d83ff', null, '2019-12-26 16:45:36', null, 0, 'c15d9b7c-d2e6-11e9-a131-00163e06acad', '160c9640-27bc-11ea-9b0b-4960045d83ff', null);
INSERT INTO dw_server.r_order_user (id, name, create_time, update_time, is_delete, user_id, order_id, userId) VALUES ('178ecf30-d788-11e9-b4a5-3f5cb507fbe1', null, '2019-09-15 15:11:54', null, 0, 'c15d9b7c-d2e6-11e9-a131-00163e06acad', '11790a20-d788-11e9-b4a5-3f5cb507fbe1', null);
INSERT INTO dw_server.r_order_user (id, name, create_time, update_time, is_delete, user_id, order_id, userId) VALUES ('1a1c6020-f16c-11e9-8641-f7c657df2c26', null, '2019-10-18 13:57:00', null, 0, 'c15d9b7c-d2e6-11e9-a131-00163e06acad', '1a068e30-f16c-11e9-8641-f7c657df2c26', null);
INSERT INTO dw_server.r_order_user (id, name, create_time, update_time, is_delete, user_id, order_id, userId) VALUES ('277abab0-d52d-11e9-947d-7b6f5bfdf219', null, '2019-09-12 15:15:51', null, 0, 'c15d9b7c-d2e6-11e9-a131-00163e06acad', '27620290-d52d-11e9-947d-7b6f5bfdf219', null);
INSERT INTO dw_server.r_order_user (id, name, create_time, update_time, is_delete, user_id, order_id, userId) VALUES ('28b05570-d857-11e9-8e6d-0beafbf97bcd', null, '2019-09-16 15:54:06', null, 0, 'c15d9b7c-d2e6-11e9-a131-00163e06acad', '28ad6f40-d857-11e9-8e6d-0beafbf97bcd', null);
INSERT INTO dw_server.r_order_user (id, name, create_time, update_time, is_delete, user_id, order_id, userId) VALUES ('317bf8f0-27ba-11ea-9b0b-4960045d83ff', null, '2019-12-26 16:32:03', null, 0, 'c15d9b7c-d2e6-11e9-a131-00163e06acad', '31784f70-27ba-11ea-9b0b-4960045d83ff', null);
INSERT INTO dw_server.r_order_user (id, name, create_time, update_time, is_delete, user_id, order_id, userId) VALUES ('3f6c8970-2a1c-11ea-ae5b-ed77761b2f5b', null, '2019-12-29 17:18:59', null, 0, 'c15d9b7c-d2e6-11e9-a131-00163e06acad', '3f68dff0-2a1c-11ea-ae5b-ed77761b2f5b', null);
INSERT INTO dw_server.r_order_user (id, name, create_time, update_time, is_delete, user_id, order_id, userId) VALUES ('425a23c0-27bc-11ea-9b0b-4960045d83ff', null, '2019-12-26 16:46:50', null, 0, 'c15d9b7c-d2e6-11e9-a131-00163e06acad', '42589d20-27bc-11ea-9b0b-4960045d83ff', null);
INSERT INTO dw_server.r_order_user (id, name, create_time, update_time, is_delete, user_id, order_id, userId) VALUES ('42af0d00-d527-11e9-a20d-bb5b1a3e56f2', null, '2019-09-12 14:33:40', null, 0, 'c15d9b7c-d2e6-11e9-a131-00163e06acad', '42971830-d527-11e9-a20d-bb5b1a3e56f2', null);
INSERT INTO dw_server.r_order_user (id, name, create_time, update_time, is_delete, user_id, order_id, userId) VALUES ('4b902420-d484-11e9-867f-b38cfbc7927c', null, '2019-09-11 19:07:07', null, 0, 'c15d9b7c-d2e6-11e9-a131-00163e06acad', '4b745ec0-d484-11e9-867f-b38cfbc7927c', null);
INSERT INTO dw_server.r_order_user (id, name, create_time, update_time, is_delete, user_id, order_id, userId) VALUES ('5f4156c0-d794-11e9-b4a5-3f5cb507fbe1', null, '2019-09-15 16:39:48', null, 0, 'c15d9b7c-d2e6-11e9-a131-00163e06acad', '5f2d5990-d794-11e9-b4a5-3f5cb507fbe1', null);
INSERT INTO dw_server.r_order_user (id, name, create_time, update_time, is_delete, user_id, order_id, userId) VALUES ('70453a60-d788-11e9-b4a5-3f5cb507fbe1', null, '2019-09-15 15:14:23', null, 0, 'c15d9b7c-d2e6-11e9-a131-00163e06acad', '70322790-d788-11e9-b4a5-3f5cb507fbe1', null);
INSERT INTO dw_server.r_order_user (id, name, create_time, update_time, is_delete, user_id, order_id, userId) VALUES ('71734600-d77b-11e9-8bd4-8da9f35c939b', null, '2019-09-15 13:41:21', null, 0, 'c15d9b7c-d2e6-11e9-a131-00163e06acad', '6b628a00-d77b-11e9-8bd4-8da9f35c939b', null);
INSERT INTO dw_server.r_order_user (id, name, create_time, update_time, is_delete, user_id, order_id, userId) VALUES ('71ff4240-d78f-11e9-b4a5-3f5cb507fbe1', null, '2019-09-15 16:04:32', null, 0, 'c15d9b7c-d2e6-11e9-a131-00163e06acad', '6befbec0-d78f-11e9-b4a5-3f5cb507fbe1', null);
INSERT INTO dw_server.r_order_user (id, name, create_time, update_time, is_delete, user_id, order_id, userId) VALUES ('79e9aa20-d638-11e9-9452-0337207a9920', null, '2019-09-13 23:09:26', null, 0, 'c15d9b7c-d2e6-11e9-a131-00163e06acad', '79d6e570-d638-11e9-9452-0337207a9920', null);
INSERT INTO dw_server.r_order_user (id, name, create_time, update_time, is_delete, user_id, order_id, userId) VALUES ('7a698f00-27ba-11ea-9b0b-4960045d83ff', null, '2019-12-26 16:34:05', null, 0, 'c15d9b7c-d2e6-11e9-a131-00163e06acad', '7a682f70-27ba-11ea-9b0b-4960045d83ff', null);
INSERT INTO dw_server.r_order_user (id, name, create_time, update_time, is_delete, user_id, order_id, userId) VALUES ('82ad34a0-d639-11e9-9452-0337207a9920', null, '2019-09-13 23:16:50', null, 0, 'c15d9b7c-d2e6-11e9-a131-00163e06acad', '829abe10-d639-11e9-9452-0337207a9920', null);
INSERT INTO dw_server.r_order_user (id, name, create_time, update_time, is_delete, user_id, order_id, userId) VALUES ('921aeb10-d631-11e9-9452-0337207a9920', null, '2019-09-13 22:20:00', null, 0, 'c15d9b7c-d2e6-11e9-a131-00163e06acad', '91ff4cc0-d631-11e9-9452-0337207a9920', null);
INSERT INTO dw_server.r_order_user (id, name, create_time, update_time, is_delete, user_id, order_id, userId) VALUES ('b4fc52b0-d788-11e9-b4a5-3f5cb507fbe1', null, '2019-09-15 15:16:18', null, 0, 'c15d9b7c-d2e6-11e9-a131-00163e06acad', 'b4e966f0-d788-11e9-b4a5-3f5cb507fbe1', null);
INSERT INTO dw_server.r_order_user (id, name, create_time, update_time, is_delete, user_id, order_id, userId) VALUES ('b9e11400-d526-11e9-a20d-bb5b1a3e56f2', null, '2019-09-12 14:29:51', null, 0, 'c15d9b7c-d2e6-11e9-a131-00163e06acad', 'b9c8d110-d526-11e9-a20d-bb5b1a3e56f2', null);
INSERT INTO dw_server.r_order_user (id, name, create_time, update_time, is_delete, user_id, order_id, userId) VALUES ('ba4759e0-27ba-11ea-9b0b-4960045d83ff', null, '2019-12-26 16:35:53', null, 0, 'c15d9b7c-d2e6-11e9-a131-00163e06acad', 'ba45d340-27ba-11ea-9b0b-4960045d83ff', null);
INSERT INTO dw_server.r_order_user (id, name, create_time, update_time, is_delete, user_id, order_id, userId) VALUES ('be89e650-d7bd-11e9-8566-6707f96d1d80', null, '2019-09-15 21:35:57', null, 0, 'c15d9b7c-d2e6-11e9-a131-00163e06acad', 'b8790340-d7bd-11e9-8566-6707f96d1d80', null);
INSERT INTO dw_server.r_order_user (id, name, create_time, update_time, is_delete, user_id, order_id, userId) VALUES ('bf0696c0-d7c5-11e9-8dbd-152da43e3bca', null, '2019-09-15 22:33:14', null, 0, 'c15d9b7c-d2e6-11e9-a131-00163e06acad', 'beec7f10-d7c5-11e9-8dbd-152da43e3bca', null);
INSERT INTO dw_server.r_order_user (id, name, create_time, update_time, is_delete, user_id, order_id, userId) VALUES ('c3fc5100-d771-11e9-8bd4-8da9f35c939b', null, '2019-09-15 12:32:05', null, 0, 'c15d9b7c-d2e6-11e9-a131-00163e06acad', 'c3eb8820-d771-11e9-8bd4-8da9f35c939b', null);
INSERT INTO dw_server.r_order_user (id, name, create_time, update_time, is_delete, user_id, order_id, userId) VALUES ('d40cd870-d5fb-11e9-9c47-9b27bb96b8ed', null, '2019-09-13 15:55:18', null, 0, 'c15d9b7c-d2e6-11e9-a131-00163e06acad', 'd3fc0f90-d5fb-11e9-9c47-9b27bb96b8ed', null);
INSERT INTO dw_server.r_order_user (id, name, create_time, update_time, is_delete, user_id, order_id, userId) VALUES ('e98395b0-d522-11e9-b9c0-7b2947e49630', null, '2019-09-12 14:02:33', null, 0, 'c15d9b7c-d2e6-11e9-a131-00163e06acad', 'e971bb60-d522-11e9-b9c0-7b2947e49630', null);
INSERT INTO dw_server.r_product_supplement (id, name, create_time, update_time, is_delete, supplement_id, product_id, count, amount, supplier, remark, lastOutAmount) VALUES ('0a4f8560-27bc-11ea-bc04-1153d8258201', null, '2019-12-26 16:45:15', null, 0, '0a43eca0-27bc-11ea-bc04-1153d8258201', 'acac4ba0-d383-11e9-a2d1-c5de50d05e2b', 1, 66, '', '', 0);
INSERT INTO dw_server.r_product_supplement (id, name, create_time, update_time, is_delete, supplement_id, product_id, count, amount, supplier, remark, lastOutAmount) VALUES ('0a4f8561-27bc-11ea-bc04-1153d8258201', null, '2019-12-26 16:45:15', null, 0, '0a43eca0-27bc-11ea-bc04-1153d8258201', 'c6d77f00-2224-11ea-9b0b-4960045d83ff', 2, 2, '', '', 0);
INSERT INTO dw_server.r_product_supplement (id, name, create_time, update_time, is_delete, supplement_id, product_id, count, amount, supplier, remark, lastOutAmount) VALUES ('1fe22af0-6f64-11ea-ae91-0b8a88fb0c1a', null, '2020-03-26 21:17:21', null, 0, '1fd9c680-6f64-11ea-ae91-0b8a88fb0c1a', '2bfaf1f0-ee63-11e9-a564-6f02badc1176', 1, 1, '', '', 66);
INSERT INTO dw_server.r_product_supplement (id, name, create_time, update_time, is_delete, supplement_id, product_id, count, amount, supplier, remark, lastOutAmount) VALUES ('279b0620-6115-11ea-9e30-8dd98b215c12', null, '2020-03-08 16:16:47', null, 0, '27919040-6115-11ea-9e30-8dd98b215c12', '2bfaf1f0-ee63-11e9-a564-6f02badc1176', 0, 0, '', '', 66);
INSERT INTO dw_server.r_product_supplement (id, name, create_time, update_time, is_delete, supplement_id, product_id, count, amount, supplier, remark, lastOutAmount) VALUES ('279b0621-6115-11ea-9e30-8dd98b215c12', null, '2020-03-08 16:16:47', null, 0, '27919040-6115-11ea-9e30-8dd98b215c12', 'acac4ba0-d383-11e9-a2d1-c5de50d05e2b', 0, 0, '', '', 0);
INSERT INTO dw_server.r_product_supplement (id, name, create_time, update_time, is_delete, supplement_id, product_id, count, amount, supplier, remark, lastOutAmount) VALUES ('2e8d37c0-6131-11ea-810c-8b53b505c852', null, '2020-03-08 19:37:25', '2020-03-25 22:12:35', 0, '2e83e8f0-6131-11ea-810c-8b53b505c852', '2bfaf1f0-ee63-11e9-a564-6f02badc1176', 1, 1, '', '', 66);
INSERT INTO dw_server.r_product_supplement (id, name, create_time, update_time, is_delete, supplement_id, product_id, count, amount, supplier, remark, lastOutAmount) VALUES ('2e8d37c1-6131-11ea-810c-8b53b505c852', null, '2020-03-08 19:37:25', '2020-03-25 22:12:35', 0, '2e83e8f0-6131-11ea-810c-8b53b505c852', 'acac4ba0-d383-11e9-a2d1-c5de50d05e2b', 2, 2, '', '', 0);
INSERT INTO dw_server.r_product_supplement (id, name, create_time, update_time, is_delete, supplement_id, product_id, count, amount, supplier, remark, lastOutAmount) VALUES ('358e9fb0-610d-11ea-9e3e-ad333e15e111', null, '2020-03-08 15:19:55', null, 0, '3581ce70-610d-11ea-9e3e-ad333e15e111', '2bfaf1f0-ee63-11e9-a564-6f02badc1176', 2, 0, '', '', 66);
INSERT INTO dw_server.r_product_supplement (id, name, create_time, update_time, is_delete, supplement_id, product_id, count, amount, supplier, remark, lastOutAmount) VALUES ('358e9fb1-610d-11ea-9e3e-ad333e15e111', null, '2020-03-08 15:19:55', null, 0, '3581ce70-610d-11ea-9e3e-ad333e15e111', 'acac4ba0-d383-11e9-a2d1-c5de50d05e2b', 0, 0, '', '', 0);
INSERT INTO dw_server.r_product_supplement (id, name, create_time, update_time, is_delete, supplement_id, product_id, count, amount, supplier, remark, lastOutAmount) VALUES ('47887780-6f64-11ea-aae6-a197fba69700', null, '2020-03-26 21:18:27', null, 0, '477f76d0-6f64-11ea-aae6-a197fba69700', '2bfaf1f0-ee63-11e9-a564-6f02badc1176', 1, 1, '', '', 66);
INSERT INTO dw_server.r_product_supplement (id, name, create_time, update_time, is_delete, supplement_id, product_id, count, amount, supplier, remark, lastOutAmount) VALUES ('513a8ce0-1c04-11ea-b3b5-977f088d9168', null, '2019-12-11 18:52:25', null, 0, '508dab10-1c04-11ea-b3b5-977f088d9168', '2323231', 7, 0, '', '', 0);
INSERT INTO dw_server.r_product_supplement (id, name, create_time, update_time, is_delete, supplement_id, product_id, count, amount, supplier, remark, lastOutAmount) VALUES ('5d790f40-1cb3-11ea-bb5c-d1652ac09523', null, '2019-12-12 15:45:28', null, 0, '5d6fe780-1cb3-11ea-bb5c-d1652ac09523', '2bfaf1f0-ee63-11e9-a564-6f02badc1176', 2, 6, '', '', 66);
INSERT INTO dw_server.r_product_supplement (id, name, create_time, update_time, is_delete, supplement_id, product_id, count, amount, supplier, remark, lastOutAmount) VALUES ('83ed2130-6f64-11ea-9ce8-27998c7b44cb', null, '2020-03-26 21:20:09', '2020-03-28 00:07:21', 0, '83e46ea0-6f64-11ea-9ce8-27998c7b44cb', '2bfaf1f0-ee63-11e9-a564-6f02badc1176', 1, 40, '', '', 66);
INSERT INTO dw_server.r_product_supplement (id, name, create_time, update_time, is_delete, supplement_id, product_id, count, amount, supplier, remark, lastOutAmount) VALUES ('8dac6270-1cb3-11ea-8d23-a5a303ee55b9', null, '2019-12-12 15:46:49', null, 0, '8da3afe0-1cb3-11ea-8d23-a5a303ee55b9', '2bfaf1f0-ee63-11e9-a564-6f02badc1176', 2, 6, '', '', 66);
INSERT INTO dw_server.r_product_supplement (id, name, create_time, update_time, is_delete, supplement_id, product_id, count, amount, supplier, remark, lastOutAmount) VALUES ('9341da30-69f2-11ea-b2dc-472d3ada2f9e', null, '2020-03-19 23:01:56', '2020-03-25 22:11:55', 0, '934116e0-69f2-11ea-b2dc-472d3ada2f9e', '2bfaf1f0-ee63-11e9-a564-6f02badc1176', 4, 10, '', '', 66);
INSERT INTO dw_server.r_product_supplement (id, name, create_time, update_time, is_delete, supplement_id, product_id, count, amount, supplier, remark, lastOutAmount) VALUES ('b0fed680-6115-11ea-8136-075b288b03c2', null, '2020-03-08 16:20:38', null, 0, 'b0f4c460-6115-11ea-8136-075b288b03c2', '2bfaf1f0-ee63-11e9-a564-6f02badc1176', 0, 0, '', '', 66);
INSERT INTO dw_server.r_product_supplement (id, name, create_time, update_time, is_delete, supplement_id, product_id, count, amount, supplier, remark, lastOutAmount) VALUES ('b0fed681-6115-11ea-8136-075b288b03c2', null, '2020-03-08 16:20:38', null, 0, 'b0f4c460-6115-11ea-8136-075b288b03c2', 'acac4ba0-d383-11e9-a2d1-c5de50d05e2b', 0, 0, '', '', 0);
INSERT INTO dw_server.r_product_supplement (id, name, create_time, update_time, is_delete, supplement_id, product_id, count, amount, supplier, remark, lastOutAmount) VALUES ('c4dcc610-6112-11ea-9e3e-ad333e15e111', null, '2020-03-08 15:59:43', null, 0, 'c4d3ec70-6112-11ea-9e3e-ad333e15e111', '2bfaf1f0-ee63-11e9-a564-6f02badc1176', 2, 0, '', '', 66);
INSERT INTO dw_server.r_product_supplement (id, name, create_time, update_time, is_delete, supplement_id, product_id, count, amount, supplier, remark, lastOutAmount) VALUES ('c4dcc611-6112-11ea-9e3e-ad333e15e111', null, '2020-03-08 15:59:43', null, 0, 'c4d3ec70-6112-11ea-9e3e-ad333e15e111', 'acac4ba0-d383-11e9-a2d1-c5de50d05e2b', 0, 0, '', '', 0);
INSERT INTO dw_server.r_product_supplement (id, name, create_time, update_time, is_delete, supplement_id, product_id, count, amount, supplier, remark, lastOutAmount) VALUES ('d34a17f0-1cb8-11ea-9f52-3b34efad1fe9', null, '2019-12-12 16:24:33', null, 0, 'd3416560-1cb8-11ea-9f52-3b34efad1fe9', '2bfaf1f0-ee63-11e9-a564-6f02badc1176', 2, 6, '', '', 66);
INSERT INTO dw_server.r_product_supplement (id, name, create_time, update_time, is_delete, supplement_id, product_id, count, amount, supplier, remark, lastOutAmount) VALUES ('d34a3f00-1cb8-11ea-9f52-3b34efad1fe9', null, '2019-12-12 16:24:33', null, 0, 'd3416560-1cb8-11ea-9f52-3b34efad1fe9', 'acac4ba0-d383-11e9-a2d1-c5de50d05e2b', 99, 66, '', '', 0);
INSERT INTO dw_server.r_product_supplement (id, name, create_time, update_time, is_delete, supplement_id, product_id, count, amount, supplier, remark, lastOutAmount) VALUES ('d6d7c4d0-1cb3-11ea-819c-095e0af01a08', null, '2019-12-12 15:48:51', null, 0, 'd6ce7600-1cb3-11ea-819c-095e0af01a08', '2bfaf1f0-ee63-11e9-a564-6f02badc1176', 2, 6, '', '', 66);
INSERT INTO dw_server.r_product_supplement (id, name, create_time, update_time, is_delete, supplement_id, product_id, count, amount, supplier, remark, lastOutAmount) VALUES ('df8b5ee0-6112-11ea-9e3e-ad333e15e111', null, '2020-03-08 16:00:27', null, 0, 'df82d360-6112-11ea-9e3e-ad333e15e111', '2bfaf1f0-ee63-11e9-a564-6f02badc1176', 2, 0, '', '', 66);
INSERT INTO dw_server.r_product_supplement (id, name, create_time, update_time, is_delete, supplement_id, product_id, count, amount, supplier, remark, lastOutAmount) VALUES ('df8b5ee1-6112-11ea-9e3e-ad333e15e111', null, '2020-03-08 16:00:27', null, 0, 'df82d360-6112-11ea-9e3e-ad333e15e111', 'acac4ba0-d383-11e9-a2d1-c5de50d05e2b', 0, 0, '', '', 0);
INSERT INTO dw_server.r_product_supplement (id, name, create_time, update_time, is_delete, supplement_id, product_id, count, amount, supplier, remark, lastOutAmount) VALUES ('f968bda0-6115-11ea-8a68-d55d8fe0f80f', null, '2020-03-08 16:22:39', '2020-03-19 04:14:19', 0, 'f95f20b0-6115-11ea-8a68-d55d8fe0f80f', '2bfaf1f0-ee63-11e9-a564-6f02badc1176', 3, 1, '', '', 66);
INSERT INTO dw_server.r_product_supplement (id, name, create_time, update_time, is_delete, supplement_id, product_id, count, amount, supplier, remark, lastOutAmount) VALUES ('f968bda1-6115-11ea-8a68-d55d8fe0f80f', null, '2020-03-08 16:22:39', '2020-03-19 04:14:19', 0, 'f95f20b0-6115-11ea-8a68-d55d8fe0f80f', 'acac4ba0-d383-11e9-a2d1-c5de50d05e2b', 0, 0, '', '', 0);
INSERT INTO dw_server.r_product_supplement (id, name, create_time, update_time, is_delete, supplement_id, product_id, count, amount, supplier, remark, lastOutAmount) VALUES ('fbf50a50-69c7-11ea-980c-b772bc62686c', null, '2020-03-19 17:57:02', '2020-03-25 22:13:21', 0, 'fbeb1f40-69c7-11ea-980c-b772bc62686c', '2bfaf1f0-ee63-11e9-a564-6f02badc1176', 1, 9, '', '', 66);
INSERT INTO dw_server.r_product_supplement (id, name, create_time, update_time, is_delete, supplement_id, product_id, count, amount, supplier, remark, lastOutAmount) VALUES ('fbf50a51-69c7-11ea-980c-b772bc62686c', null, '2020-03-19 17:57:02', '2020-03-25 22:13:21', 0, 'fbeb1f40-69c7-11ea-980c-b772bc62686c', 'acac4ba0-d383-11e9-a2d1-c5de50d05e2b', 1, 9, '', '', 0);
INSERT INTO dw_server.shop_cart (id, name, create_time, update_time, is_delete, user_id, product_id, number, is_next) VALUES ('1015182f-27bc-11ea-8c6f-00163e06acad', null, '2019-12-26 16:45:26', '2019-12-26 16:45:34', 1, 'c15d9b7c-d2e6-11e9-a131-00163e06acad', 'acac4ba0-d383-11e9-a2d1-c5de50d05e2b', 4, 0);
INSERT INTO dw_server.shop_cart (id, name, create_time, update_time, is_delete, user_id, product_id, number, is_next) VALUES ('2193372e-d857-11e9-a131-00163e06acad', null, '2019-09-16 15:53:54', null, 1, 'c15d9b7c-d2e6-11e9-a131-00163e06acad', 'acac4ba0-d383-11e9-a2d1-c5de50d05e2b', 1, 0);
INSERT INTO dw_server.shop_cart (id, name, create_time, update_time, is_delete, user_id, product_id, number, is_next) VALUES ('2cd2d93a-27ba-11ea-8c6f-00163e06acad', null, '2019-12-26 16:31:55', null, 1, 'c15d9b7c-d2e6-11e9-a131-00163e06acad', 'acac4ba0-d383-11e9-a2d1-c5de50d05e2b', 1, 0);
INSERT INTO dw_server.shop_cart (id, name, create_time, update_time, is_delete, user_id, product_id, number, is_next) VALUES ('3f86c0ae-27bc-11ea-8c6f-00163e06acad', null, '2019-12-26 16:46:46', null, 1, 'c15d9b7c-d2e6-11e9-a131-00163e06acad', 'acac4ba0-d383-11e9-a2d1-c5de50d05e2b', 1, 0);
INSERT INTO dw_server.shop_cart (id, name, create_time, update_time, is_delete, user_id, product_id, number, is_next) VALUES ('5dbeecda-5ecc-11ea-8c6f-00163e06acad', null, '2020-03-05 18:30:42', null, 0, 'c15d9b7c-d2e6-11e9-a131-00163e06acad', '2bfaf1f0-ee63-11e9-a564-6f02badc1176', 1, 0);
INSERT INTO dw_server.shop_cart (id, name, create_time, update_time, is_delete, user_id, product_id, number, is_next) VALUES ('62c5558d-2a0d-11ea-8c6f-00163e06acad', null, '2019-12-29 15:32:36', null, 1, 'c15d9b7c-d2e6-11e9-a131-00163e06acad', 'acac4ba0-d383-11e9-a2d1-c5de50d05e2b', 1, 0);
INSERT INTO dw_server.shop_cart (id, name, create_time, update_time, is_delete, user_id, product_id, number, is_next) VALUES ('62cca668-2a11-11ea-8c6f-00163e06acad', null, '2019-12-29 16:01:14', null, 1, 'c15d9b7c-d2e6-11e9-a131-00163e06acad', '2bfaf1f0-ee63-11e9-a564-6f02badc1176', 1, 0);
INSERT INTO dw_server.shop_cart (id, name, create_time, update_time, is_delete, user_id, product_id, number, is_next) VALUES ('63281809-ecd4-11e9-8c6f-00163e06acad', null, '2019-10-12 17:40:55', null, 1, 'c15d9b7c-d2e6-11e9-a131-00163e06acad', 'acac4ba0-d383-11e9-a2d1-c5de50d05e2b', 1, 0);
INSERT INTO dw_server.shop_cart (id, name, create_time, update_time, is_delete, user_id, product_id, number, is_next) VALUES ('7740fe4e-27ba-11ea-8c6f-00163e06acad', null, '2019-12-26 16:34:00', null, 1, 'c15d9b7c-d2e6-11e9-a131-00163e06acad', 'acac4ba0-d383-11e9-a2d1-c5de50d05e2b', 1, 0);
INSERT INTO dw_server.shop_cart (id, name, create_time, update_time, is_delete, user_id, product_id, number, is_next) VALUES ('ae649b8c-27ba-11ea-8c6f-00163e06acad', null, '2019-12-26 16:35:33', '2019-12-26 16:35:51', 1, 'c15d9b7c-d2e6-11e9-a131-00163e06acad', 'acac4ba0-d383-11e9-a2d1-c5de50d05e2b', 1, 0);
INSERT INTO dw_server.shop_cart (id, name, create_time, update_time, is_delete, user_id, product_id, number, is_next) VALUES ('f5dd3b02-d3ab-11e9-a131-00163e06acad', null, '2019-09-10 17:18:32', '2019-09-10 17:20:17', 1, 'c15d9b7c-d2e6-11e9-a131-00163e06acad', 'acac4ba0-d383-11e9-a2d1-c5de50d05e2b', 1, 0);
INSERT INTO dw_server.user (id, name, create_time, update_time, is_delete, password, type, userInfoId) VALUES ('c15d9b7c-d2e6-11e9-a131-00163e06acad', 'admin', '2019-09-09 17:46:53', '2019-09-19 15:47:41', 0, '$2b$10$MF8ALl3e8Izywgl92Z/Bh./DnAzhEhmPPNYoCkhXk6Utw4aVjr39K', 0, 'df44b937-d2e6-11e9-a131-00163e06acad');
INSERT INTO dw_server.user (id, name, create_time, update_time, is_delete, password, type, userInfoId) VALUES ('c15d9f87-d2e6-11e9-a131-00163e06acad', 'usero', '2019-09-09 17:46:53', '2020-03-13 17:15:26', 0, '$2b$10$PscZTK6/mAdLCXhqp5hpBuoV4VdpAniob7/815d6SuPQpQdP50Nim', 0, 'c558522a-650a-11ea-8c6f-00163e06acad');
INSERT INTO dw_server.user_address (id, name, create_time, update_time, is_delete, zip, province, city, district, address, is_default, user_id, contact_information, contact_user_name) VALUES ('48fe9400-d2e8-11e9-9d76-d74024cb01d2', '测试信用卡', '2019-09-09 17:57:51', '2019-09-09 17:57:51', 0, '123', '2333', '城市', '地区', '详细地址', 1, 'c15d9b7c-d2e6-11e9-a131-00163e06acad', '联系方式', '');
INSERT INTO dw_server.user_address (id, name, create_time, update_time, is_delete, zip, province, city, district, address, is_default, user_id, contact_information, contact_user_name) VALUES ('eb7d8160-d2e7-11e9-9d76-d74024cb01d2', '测试信用卡', '2019-09-09 17:55:14', '2019-09-09 17:55:14', 0, '123', '2333', '城市', '地区', '详细地址', 0, '2b34eb6c-d150-11e9-8009-00163e06acad', '联系方式', '');
INSERT INTO dw_server.user_info (id, name, create_time, update_time, is_delete, user_id, phone, email, userLevel) VALUES ('c558522a-650a-11ea-8c6f-00163e06acad', 'user', '2020-03-13 17:12:32', '2020-03-13 17:16:04', 0, 'c15d9f87-d2e6-11e9-a131-00163e06acad', 'phone', 'email', 'user_1');
INSERT INTO dw_server.user_info (id, name, create_time, update_time, is_delete, user_id, phone, email, userLevel) VALUES ('df44b937-d2e6-11e9-a131-00163e06acad', 'ss707494', '2019-09-09 17:47:44', '2019-09-19 10:58:17', 0, 'c15d9b7c-d2e6-11e9-a131-00163e06acad', '123433322222', 'qwe@huiyi.com', 'user_2');
INSERT INTO dw_server.user_pay_card (id, name, create_time, update_time, is_delete, user_id, number, code, user_name, address_detail, zip_code, city, contact, is_default) VALUES ('1ff91020-d2e9-11e9-8e79-7f91cad78d8d', '测试信用卡', '2019-09-09 18:03:51', '2019-09-09 18:03:51', 0, 'c15d9b7c-d2e6-11e9-a131-00163e06acad', '123123123', 'eeee', '姓名', '地址详情', '3333', '城市', '联系方式', 1);
INSERT INTO dw_server.user_pay_card (id, name, create_time, update_time, is_delete, user_id, number, code, user_name, address_detail, zip_code, city, contact, is_default) VALUES ('7a832ba0-d372-11e9-9a36-37126f25419b', null, '2019-09-10 10:27:24', '2019-09-10 10:27:24', 0, 'c15d9b7c-d2e6-11e9-a131-00163e06acad', '3434', '545', '656546', '65656', '343434', '5656', '343434', 0);
INSERT INTO dw_server.user_pay_card (id, name, create_time, update_time, is_delete, user_id, number, code, user_name, address_detail, zip_code, city, contact, is_default) VALUES ('827cd340-d36f-11e9-9a36-37126f25419b', null, '2019-09-10 10:05:49', '2019-09-10 10:05:49', 0, 'c15d9b7c-d2e6-11e9-a131-00163e06acad', '234234', '234324', '234324', '234234', '24234', '234324', '234234', 0);
INSERT INTO dw_server.user_pay_card (id, name, create_time, update_time, is_delete, user_id, number, code, user_name, address_detail, zip_code, city, contact, is_default) VALUES ('e9549170-d2e8-11e9-a21f-c710e7cc662c', '测试信用卡', '2019-09-09 18:02:20', '2019-09-09 18:02:20', 0, 'c15d9b7c-d2e6-11e9-a131-00163e06acad', '123123123', 'eeee', '姓名', '地址详情', '3333', '城市', '联系方式', 0);
INSERT INTO dw_server.user_pay_card (id, name, create_time, update_time, is_delete, user_id, number, code, user_name, address_detail, zip_code, city, contact, is_default) VALUES ('f3bbaf40-d2e8-11e9-a21f-c710e7cc662c', '测试信用卡', '2019-09-09 18:02:37', '2019-09-09 18:02:37', 0, 'c15d9b7c-d2e6-11e9-a131-00163e06acad', '123123123', 'eeee', '姓名', '地址详情', '3333', '城市', '联系方式', 0);